algorithm,layer,operation,direction,state,tradeSize,tickCrossings,coldGas,warmGas,rawGas,nullTwinGas,adjustedGas,gasRefunded,compilerConfig,sourceCommit,note
dodo,A,quote,sell-base,balanced,0.01%,0,0,0,25169,1651,23518,0,solc=0.8.28;opt=on;runs=200;viaIR=off;evmTarget=prague;bytecodeHash=none,DODOEX/contractV2@8da3ee1ec50966fca9a2c80d424040c45c0f785e via mantle-propamm-contracts@07f6797,"STATICCALL; state+oracle arrive as CALLDATA, never storage"
dodo,A,quote,sell-base,balanced,0.1%,0,0,0,25093,1651,23442,0,solc=0.8.28;opt=on;runs=200;viaIR=off;evmTarget=prague;bytecodeHash=none,DODOEX/contractV2@8da3ee1ec50966fca9a2c80d424040c45c0f785e via mantle-propamm-contracts@07f6797,"STATICCALL; state+oracle arrive as CALLDATA, never storage"
dodo,A,quote,sell-base,balanced,1%,0,0,0,25093,1651,23442,0,solc=0.8.28;opt=on;runs=200;viaIR=off;evmTarget=prague;bytecodeHash=none,DODOEX/contractV2@8da3ee1ec50966fca9a2c80d424040c45c0f785e via mantle-propamm-contracts@07f6797,"STATICCALL; state+oracle arrive as CALLDATA, never storage"
dodo,A,quote,sell-base,balanced,5%,0,0,0,25169,1651,23518,0,solc=0.8.28;opt=on;runs=200;viaIR=off;evmTarget=prague;bytecodeHash=none,DODOEX/contractV2@8da3ee1ec50966fca9a2c80d424040c45c0f785e via mantle-propamm-contracts@07f6797,"STATICCALL; state+oracle arrive as CALLDATA, never storage"
dodo,A,quote,sell-base,balanced,10%,0,0,0,25093,1651,23442,0,solc=0.8.28;opt=on;runs=200;viaIR=off;evmTarget=prague;bytecodeHash=none,DODOEX/contractV2@8da3ee1ec50966fca9a2c80d424040c45c0f785e via mantle-propamm-contracts@07f6797,"STATICCALL; state+oracle arrive as CALLDATA, never storage"
dodo,A,quote,sell-base,off-target,0.01%,0,0,0,43003,1651,41352,0,solc=0.8.28;opt=on;runs=200;viaIR=off;evmTarget=prague;bytecodeHash=none,DODOEX/contractV2@8da3ee1ec50966fca9a2c80d424040c45c0f785e via mantle-propamm-contracts@07f6797,"STATICCALL; state+oracle arrive as CALLDATA, never storage"
dodo,A,quote,sell-base,off-target,0.1%,0,0,0,43003,1651,41352,0,solc=0.8.28;opt=on;runs=200;viaIR=off;evmTarget=prague;bytecodeHash=none,DODOEX/contractV2@8da3ee1ec50966fca9a2c80d424040c45c0f785e via mantle-propamm-contracts@07f6797,"STATICCALL; state+oracle arrive as CALLDATA, never storage"
dodo,A,quote,sell-base,off-target,1%,0,0,0,43003,1651,41352,0,solc=0.8.28;opt=on;runs=200;viaIR=off;evmTarget=prague;bytecodeHash=none,DODOEX/contractV2@8da3ee1ec50966fca9a2c80d424040c45c0f785e via mantle-propamm-contracts@07f6797,"STATICCALL; state+oracle arrive as CALLDATA, never storage"
dodo,A,quote,sell-base,off-target,5%,0,0,0,43003,1651,41352,0,solc=0.8.28;opt=on;runs=200;viaIR=off;evmTarget=prague;bytecodeHash=none,DODOEX/contractV2@8da3ee1ec50966fca9a2c80d424040c45c0f785e via mantle-propamm-contracts@07f6797,"STATICCALL; state+oracle arrive as CALLDATA, never storage"
dodo,A,quote,sell-base,off-target,10%,0,0,0,42927,1651,41276,0,solc=0.8.28;opt=on;runs=200;viaIR=off;evmTarget=prague;bytecodeHash=none,DODOEX/contractV2@8da3ee1ec50966fca9a2c80d424040c45c0f785e via mantle-propamm-contracts@07f6797,"STATICCALL; state+oracle arrive as CALLDATA, never storage"
dodo,A,quote,buy-base,balanced,0.01%,0,0,0,23435,1651,21784,0,solc=0.8.28;opt=on;runs=200;viaIR=off;evmTarget=prague;bytecodeHash=none,DODOEX/contractV2@8da3ee1ec50966fca9a2c80d424040c45c0f785e via mantle-propamm-contracts@07f6797,"STATICCALL; state+oracle arrive as CALLDATA, never storage"
dodo,A,quote,buy-base,balanced,0.1%,0,0,0,23760,1651,22109,0,solc=0.8.28;opt=on;runs=200;viaIR=off;evmTarget=prague;bytecodeHash=none,DODOEX/contractV2@8da3ee1ec50966fca9a2c80d424040c45c0f785e via mantle-propamm-contracts@07f6797,"STATICCALL; state+oracle arrive as CALLDATA, never storage"
dodo,A,quote,buy-base,balanced,1%,0,0,0,23760,1651,22109,0,solc=0.8.28;opt=on;runs=200;viaIR=off;evmTarget=prague;bytecodeHash=none,DODOEX/contractV2@8da3ee1ec50966fca9a2c80d424040c45c0f785e via mantle-propamm-contracts@07f6797,"STATICCALL; state+oracle arrive as CALLDATA, never storage"
dodo,A,quote,buy-base,balanced,5%,0,0,0,23511,1651,21860,0,solc=0.8.28;opt=on;runs=200;viaIR=off;evmTarget=prague;bytecodeHash=none,DODOEX/contractV2@8da3ee1ec50966fca9a2c80d424040c45c0f785e via mantle-propamm-contracts@07f6797,"STATICCALL; state+oracle arrive as CALLDATA, never storage"
dodo,A,quote,buy-base,balanced,10%,0,0,0,23511,1651,21860,0,solc=0.8.28;opt=on;runs=200;viaIR=off;evmTarget=prague;bytecodeHash=none,DODOEX/contractV2@8da3ee1ec50966fca9a2c80d424040c45c0f785e via mantle-propamm-contracts@07f6797,"STATICCALL; state+oracle arrive as CALLDATA, never storage"
dodo,A,quote,buy-base,off-target,0.01%,0,0,0,22282,1651,20631,0,solc=0.8.28;opt=on;runs=200;viaIR=off;evmTarget=prague;bytecodeHash=none,DODOEX/contractV2@8da3ee1ec50966fca9a2c80d424040c45c0f785e via mantle-propamm-contracts@07f6797,"STATICCALL; state+oracle arrive as CALLDATA, never storage"
dodo,A,quote,buy-base,off-target,0.1%,0,0,0,22282,1651,20631,0,solc=0.8.28;opt=on;runs=200;viaIR=off;evmTarget=prague;bytecodeHash=none,DODOEX/contractV2@8da3ee1ec50966fca9a2c80d424040c45c0f785e via mantle-propamm-contracts@07f6797,"STATICCALL; state+oracle arrive as CALLDATA, never storage"
dodo,A,quote,buy-base,off-target,1%,0,0,0,22282,1651,20631,0,solc=0.8.28;opt=on;runs=200;viaIR=off;evmTarget=prague;bytecodeHash=none,DODOEX/contractV2@8da3ee1ec50966fca9a2c80d424040c45c0f785e via mantle-propamm-contracts@07f6797,"STATICCALL; state+oracle arrive as CALLDATA, never storage"
dodo,A,quote,buy-base,off-target,5%,0,0,0,22282,1651,20631,0,solc=0.8.28;opt=on;runs=200;viaIR=off;evmTarget=prague;bytecodeHash=none,DODOEX/contractV2@8da3ee1ec50966fca9a2c80d424040c45c0f785e via mantle-propamm-contracts@07f6797,"STATICCALL; state+oracle arrive as CALLDATA, never storage"
dodo,A,quote,buy-base,off-target,10%,0,0,0,22282,1651,20631,0,solc=0.8.28;opt=on;runs=200;viaIR=off;evmTarget=prague;bytecodeHash=none,DODOEX/contractV2@8da3ee1ec50966fca9a2c80d424040c45c0f785e via mantle-propamm-contracts@07f6797,"STATICCALL; state+oracle arrive as CALLDATA, never storage"
flashbots,A,quote,sell-base,balanced,0.01%,0,0,0,2592,1651,941,0,solc=0.8.28;opt=on;runs=200;viaIR=off;evmTarget=prague;bytecodeHash=none,flashbots/priority-update-registry@da53117870c7bec96d71caebe1b3f94370aba3d6,"STATICCALL; state+oracle arrive as CALLDATA, never storage"
flashbots,A,quote,sell-base,balanced,0.1%,0,0,0,2592,1651,941,0,solc=0.8.28;opt=on;runs=200;viaIR=off;evmTarget=prague;bytecodeHash=none,flashbots/priority-update-registry@da53117870c7bec96d71caebe1b3f94370aba3d6,"STATICCALL; state+oracle arrive as CALLDATA, never storage"
flashbots,A,quote,sell-base,balanced,1%,0,0,0,2592,1651,941,0,solc=0.8.28;opt=on;runs=200;viaIR=off;evmTarget=prague;bytecodeHash=none,flashbots/priority-update-registry@da53117870c7bec96d71caebe1b3f94370aba3d6,"STATICCALL; state+oracle arrive as CALLDATA, never storage"
flashbots,A,quote,sell-base,balanced,5%,0,0,0,2592,1651,941,0,solc=0.8.28;opt=on;runs=200;viaIR=off;evmTarget=prague;bytecodeHash=none,flashbots/priority-update-registry@da53117870c7bec96d71caebe1b3f94370aba3d6,"STATICCALL; state+oracle arrive as CALLDATA, never storage"
flashbots,A,quote,sell-base,balanced,10%,0,0,0,2592,1651,941,0,solc=0.8.28;opt=on;runs=200;viaIR=off;evmTarget=prague;bytecodeHash=none,flashbots/priority-update-registry@da53117870c7bec96d71caebe1b3f94370aba3d6,"STATICCALL; state+oracle arrive as CALLDATA, never storage"
flashbots,A,quote,sell-base,off-target,0.01%,0,0,0,2592,1651,941,0,solc=0.8.28;opt=on;runs=200;viaIR=off;evmTarget=prague;bytecodeHash=none,flashbots/priority-update-registry@da53117870c7bec96d71caebe1b3f94370aba3d6,"STATICCALL; state+oracle arrive as CALLDATA, never storage"
flashbots,A,quote,sell-base,off-target,0.1%,0,0,0,2592,1651,941,0,solc=0.8.28;opt=on;runs=200;viaIR=off;evmTarget=prague;bytecodeHash=none,flashbots/priority-update-registry@da53117870c7bec96d71caebe1b3f94370aba3d6,"STATICCALL; state+oracle arrive as CALLDATA, never storage"
flashbots,A,quote,sell-base,off-target,1%,0,0,0,2592,1651,941,0,solc=0.8.28;opt=on;runs=200;viaIR=off;evmTarget=prague;bytecodeHash=none,flashbots/priority-update-registry@da53117870c7bec96d71caebe1b3f94370aba3d6,"STATICCALL; state+oracle arrive as CALLDATA, never storage"
flashbots,A,quote,sell-base,off-target,5%,0,0,0,2592,1651,941,0,solc=0.8.28;opt=on;runs=200;viaIR=off;evmTarget=prague;bytecodeHash=none,flashbots/priority-update-registry@da53117870c7bec96d71caebe1b3f94370aba3d6,"STATICCALL; state+oracle arrive as CALLDATA, never storage"
flashbots,A,quote,sell-base,off-target,10%,0,0,0,2592,1651,941,0,solc=0.8.28;opt=on;runs=200;viaIR=off;evmTarget=prague;bytecodeHash=none,flashbots/priority-update-registry@da53117870c7bec96d71caebe1b3f94370aba3d6,"STATICCALL; state+oracle arrive as CALLDATA, never storage"
flashbots,A,quote,buy-base,balanced,0.01%,0,0,0,2585,1651,934,0,solc=0.8.28;opt=on;runs=200;viaIR=off;evmTarget=prague;bytecodeHash=none,flashbots/priority-update-registry@da53117870c7bec96d71caebe1b3f94370aba3d6,"STATICCALL; state+oracle arrive as CALLDATA, never storage"
flashbots,A,quote,buy-base,balanced,0.1%,0,0,0,2585,1651,934,0,solc=0.8.28;opt=on;runs=200;viaIR=off;evmTarget=prague;bytecodeHash=none,flashbots/priority-update-registry@da53117870c7bec96d71caebe1b3f94370aba3d6,"STATICCALL; state+oracle arrive as CALLDATA, never storage"
flashbots,A,quote,buy-base,balanced,1%,0,0,0,2585,1651,934,0,solc=0.8.28;opt=on;runs=200;viaIR=off;evmTarget=prague;bytecodeHash=none,flashbots/priority-update-registry@da53117870c7bec96d71caebe1b3f94370aba3d6,"STATICCALL; state+oracle arrive as CALLDATA, never storage"
flashbots,A,quote,buy-base,balanced,5%,0,0,0,2585,1651,934,0,solc=0.8.28;opt=on;runs=200;viaIR=off;evmTarget=prague;bytecodeHash=none,flashbots/priority-update-registry@da53117870c7bec96d71caebe1b3f94370aba3d6,"STATICCALL; state+oracle arrive as CALLDATA, never storage"
flashbots,A,quote,buy-base,balanced,10%,0,0,0,2585,1651,934,0,solc=0.8.28;opt=on;runs=200;viaIR=off;evmTarget=prague;bytecodeHash=none,flashbots/priority-update-registry@da53117870c7bec96d71caebe1b3f94370aba3d6,"STATICCALL; state+oracle arrive as CALLDATA, never storage"
flashbots,A,quote,buy-base,off-target,0.01%,0,0,0,2585,1651,934,0,solc=0.8.28;opt=on;runs=200;viaIR=off;evmTarget=prague;bytecodeHash=none,flashbots/priority-update-registry@da53117870c7bec96d71caebe1b3f94370aba3d6,"STATICCALL; state+oracle arrive as CALLDATA, never storage"
flashbots,A,quote,buy-base,off-target,0.1%,0,0,0,2585,1651,934,0,solc=0.8.28;opt=on;runs=200;viaIR=off;evmTarget=prague;bytecodeHash=none,flashbots/priority-update-registry@da53117870c7bec96d71caebe1b3f94370aba3d6,"STATICCALL; state+oracle arrive as CALLDATA, never storage"
flashbots,A,quote,buy-base,off-target,1%,0,0,0,2585,1651,934,0,solc=0.8.28;opt=on;runs=200;viaIR=off;evmTarget=prague;bytecodeHash=none,flashbots/priority-update-registry@da53117870c7bec96d71caebe1b3f94370aba3d6,"STATICCALL; state+oracle arrive as CALLDATA, never storage"
flashbots,A,quote,buy-base,off-target,5%,0,0,0,2585,1651,934,0,solc=0.8.28;opt=on;runs=200;viaIR=off;evmTarget=prague;bytecodeHash=none,flashbots/priority-update-registry@da53117870c7bec96d71caebe1b3f94370aba3d6,"STATICCALL; state+oracle arrive as CALLDATA, never storage"
flashbots,A,quote,buy-base,off-target,10%,0,0,0,2585,1651,934,0,solc=0.8.28;opt=on;runs=200;viaIR=off;evmTarget=prague;bytecodeHash=none,flashbots/priority-update-registry@da53117870c7bec96d71caebe1b3f94370aba3d6,"STATICCALL; state+oracle arrive as CALLDATA, never storage"
univ2-canonical-30bps,A,quote,sell-base,balanced,0.01%,0,0,0,2130,1402,728,0,solc=0.6.6;opt=on;runs=999999;viaIR=off;evmTarget=istanbul;bytecodeHash=none,Uniswap/v2-periphery@ed24991304291297c3b4a52818d02f46a17aa9a2,"STATICCALL; state+oracle arrive as CALLDATA, never storage"
univ2-canonical-30bps,A,quote,sell-base,balanced,0.1%,0,0,0,2130,1402,728,0,solc=0.6.6;opt=on;runs=999999;viaIR=off;evmTarget=istanbul;bytecodeHash=none,Uniswap/v2-periphery@ed24991304291297c3b4a52818d02f46a17aa9a2,"STATICCALL; state+oracle arrive as CALLDATA, never storage"
univ2-canonical-30bps,A,quote,sell-base,balanced,1%,0,0,0,2130,1402,728,0,solc=0.6.6;opt=on;runs=999999;viaIR=off;evmTarget=istanbul;bytecodeHash=none,Uniswap/v2-periphery@ed24991304291297c3b4a52818d02f46a17aa9a2,"STATICCALL; state+oracle arrive as CALLDATA, never storage"
univ2-canonical-30bps,A,quote,sell-base,balanced,5%,0,0,0,2130,1402,728,0,solc=0.6.6;opt=on;runs=999999;viaIR=off;evmTarget=istanbul;bytecodeHash=none,Uniswap/v2-periphery@ed24991304291297c3b4a52818d02f46a17aa9a2,"STATICCALL; state+oracle arrive as CALLDATA, never storage"
univ2-canonical-30bps,A,quote,sell-base,balanced,10%,0,0,0,2130,1402,728,0,solc=0.6.6;opt=on;runs=999999;viaIR=off;evmTarget=istanbul;bytecodeHash=none,Uniswap/v2-periphery@ed24991304291297c3b4a52818d02f46a17aa9a2,"STATICCALL; state+oracle arrive as CALLDATA, never storage"
univ2-canonical-30bps,A,quote,sell-base,off-target,0.01%,0,0,0,2130,1402,728,0,solc=0.6.6;opt=on;runs=999999;viaIR=off;evmTarget=istanbul;bytecodeHash=none,Uniswap/v2-periphery@ed24991304291297c3b4a52818d02f46a17aa9a2,"STATICCALL; state+oracle arrive as CALLDATA, never storage"
univ2-canonical-30bps,A,quote,sell-base,off-target,0.1%,0,0,0,2130,1402,728,0,solc=0.6.6;opt=on;runs=999999;viaIR=off;evmTarget=istanbul;bytecodeHash=none,Uniswap/v2-periphery@ed24991304291297c3b4a52818d02f46a17aa9a2,"STATICCALL; state+oracle arrive as CALLDATA, never storage"
univ2-canonical-30bps,A,quote,sell-base,off-target,1%,0,0,0,2130,1402,728,0,solc=0.6.6;opt=on;runs=999999;viaIR=off;evmTarget=istanbul;bytecodeHash=none,Uniswap/v2-periphery@ed24991304291297c3b4a52818d02f46a17aa9a2,"STATICCALL; state+oracle arrive as CALLDATA, never storage"
univ2-canonical-30bps,A,quote,sell-base,off-target,5%,0,0,0,2130,1402,728,0,solc=0.6.6;opt=on;runs=999999;viaIR=off;evmTarget=istanbul;bytecodeHash=none,Uniswap/v2-periphery@ed24991304291297c3b4a52818d02f46a17aa9a2,"STATICCALL; state+oracle arrive as CALLDATA, never storage"
univ2-canonical-30bps,A,quote,sell-base,off-target,10%,0,0,0,2130,1402,728,0,solc=0.6.6;opt=on;runs=999999;viaIR=off;evmTarget=istanbul;bytecodeHash=none,Uniswap/v2-periphery@ed24991304291297c3b4a52818d02f46a17aa9a2,"STATICCALL; state+oracle arrive as CALLDATA, never storage"
univ2-canonical-30bps,A,quote,buy-base,balanced,0.01%,0,0,0,2137,1402,735,0,solc=0.6.6;opt=on;runs=999999;viaIR=off;evmTarget=istanbul;bytecodeHash=none,Uniswap/v2-periphery@ed24991304291297c3b4a52818d02f46a17aa9a2,"STATICCALL; state+oracle arrive as CALLDATA, never storage"
univ2-canonical-30bps,A,quote,buy-base,balanced,0.1%,0,0,0,2137,1402,735,0,solc=0.6.6;opt=on;runs=999999;viaIR=off;evmTarget=istanbul;bytecodeHash=none,Uniswap/v2-periphery@ed24991304291297c3b4a52818d02f46a17aa9a2,"STATICCALL; state+oracle arrive as CALLDATA, never storage"
univ2-canonical-30bps,A,quote,buy-base,balanced,1%,0,0,0,2137,1402,735,0,solc=0.6.6;opt=on;runs=999999;viaIR=off;evmTarget=istanbul;bytecodeHash=none,Uniswap/v2-periphery@ed24991304291297c3b4a52818d02f46a17aa9a2,"STATICCALL; state+oracle arrive as CALLDATA, never storage"
univ2-canonical-30bps,A,quote,buy-base,balanced,5%,0,0,0,2137,1402,735,0,solc=0.6.6;opt=on;runs=999999;viaIR=off;evmTarget=istanbul;bytecodeHash=none,Uniswap/v2-periphery@ed24991304291297c3b4a52818d02f46a17aa9a2,"STATICCALL; state+oracle arrive as CALLDATA, never storage"
univ2-canonical-30bps,A,quote,buy-base,balanced,10%,0,0,0,2137,1402,735,0,solc=0.6.6;opt=on;runs=999999;viaIR=off;evmTarget=istanbul;bytecodeHash=none,Uniswap/v2-periphery@ed24991304291297c3b4a52818d02f46a17aa9a2,"STATICCALL; state+oracle arrive as CALLDATA, never storage"
univ2-canonical-30bps,A,quote,buy-base,off-target,0.01%,0,0,0,2137,1402,735,0,solc=0.6.6;opt=on;runs=999999;viaIR=off;evmTarget=istanbul;bytecodeHash=none,Uniswap/v2-periphery@ed24991304291297c3b4a52818d02f46a17aa9a2,"STATICCALL; state+oracle arrive as CALLDATA, never storage"
univ2-canonical-30bps,A,quote,buy-base,off-target,0.1%,0,0,0,2137,1402,735,0,solc=0.6.6;opt=on;runs=999999;viaIR=off;evmTarget=istanbul;bytecodeHash=none,Uniswap/v2-periphery@ed24991304291297c3b4a52818d02f46a17aa9a2,"STATICCALL; state+oracle arrive as CALLDATA, never storage"
univ2-canonical-30bps,A,quote,buy-base,off-target,1%,0,0,0,2137,1402,735,0,solc=0.6.6;opt=on;runs=999999;viaIR=off;evmTarget=istanbul;bytecodeHash=none,Uniswap/v2-periphery@ed24991304291297c3b4a52818d02f46a17aa9a2,"STATICCALL; state+oracle arrive as CALLDATA, never storage"
univ2-canonical-30bps,A,quote,buy-base,off-target,5%,0,0,0,2137,1402,735,0,solc=0.6.6;opt=on;runs=999999;viaIR=off;evmTarget=istanbul;bytecodeHash=none,Uniswap/v2-periphery@ed24991304291297c3b4a52818d02f46a17aa9a2,"STATICCALL; state+oracle arrive as CALLDATA, never storage"
univ2-canonical-30bps,A,quote,buy-base,off-target,10%,0,0,0,2137,1402,735,0,solc=0.6.6;opt=on;runs=999999;viaIR=off;evmTarget=istanbul;bytecodeHash=none,Uniswap/v2-periphery@ed24991304291297c3b4a52818d02f46a17aa9a2,"STATICCALL; state+oracle arrive as CALLDATA, never storage"
univ2-modified-zero-fee,A,quote,sell-base,balanced,0.01%,0,0,0,2130,1402,728,0,solc=0.6.6;opt=on;runs=999999;viaIR=off;evmTarget=istanbul;bytecodeHash=none,Uniswap/v2-periphery@ed24991304291297c3b4a52818d02f46a17aa9a2,"STATICCALL; state+oracle arrive as CALLDATA, never storage"
univ2-modified-zero-fee,A,quote,sell-base,balanced,0.1%,0,0,0,2130,1402,728,0,solc=0.6.6;opt=on;runs=999999;viaIR=off;evmTarget=istanbul;bytecodeHash=none,Uniswap/v2-periphery@ed24991304291297c3b4a52818d02f46a17aa9a2,"STATICCALL; state+oracle arrive as CALLDATA, never storage"
univ2-modified-zero-fee,A,quote,sell-base,balanced,1%,0,0,0,2130,1402,728,0,solc=0.6.6;opt=on;runs=999999;viaIR=off;evmTarget=istanbul;bytecodeHash=none,Uniswap/v2-periphery@ed24991304291297c3b4a52818d02f46a17aa9a2,"STATICCALL; state+oracle arrive as CALLDATA, never storage"
univ2-modified-zero-fee,A,quote,sell-base,balanced,5%,0,0,0,2130,1402,728,0,solc=0.6.6;opt=on;runs=999999;viaIR=off;evmTarget=istanbul;bytecodeHash=none,Uniswap/v2-periphery@ed24991304291297c3b4a52818d02f46a17aa9a2,"STATICCALL; state+oracle arrive as CALLDATA, never storage"
univ2-modified-zero-fee,A,quote,sell-base,balanced,10%,0,0,0,2130,1402,728,0,solc=0.6.6;opt=on;runs=999999;viaIR=off;evmTarget=istanbul;bytecodeHash=none,Uniswap/v2-periphery@ed24991304291297c3b4a52818d02f46a17aa9a2,"STATICCALL; state+oracle arrive as CALLDATA, never storage"
univ2-modified-zero-fee,A,quote,sell-base,off-target,0.01%,0,0,0,2130,1402,728,0,solc=0.6.6;opt=on;runs=999999;viaIR=off;evmTarget=istanbul;bytecodeHash=none,Uniswap/v2-periphery@ed24991304291297c3b4a52818d02f46a17aa9a2,"STATICCALL; state+oracle arrive as CALLDATA, never storage"
univ2-modified-zero-fee,A,quote,sell-base,off-target,0.1%,0,0,0,2130,1402,728,0,solc=0.6.6;opt=on;runs=999999;viaIR=off;evmTarget=istanbul;bytecodeHash=none,Uniswap/v2-periphery@ed24991304291297c3b4a52818d02f46a17aa9a2,"STATICCALL; state+oracle arrive as CALLDATA, never storage"
univ2-modified-zero-fee,A,quote,sell-base,off-target,1%,0,0,0,2130,1402,728,0,solc=0.6.6;opt=on;runs=999999;viaIR=off;evmTarget=istanbul;bytecodeHash=none,Uniswap/v2-periphery@ed24991304291297c3b4a52818d02f46a17aa9a2,"STATICCALL; state+oracle arrive as CALLDATA, never storage"
univ2-modified-zero-fee,A,quote,sell-base,off-target,5%,0,0,0,2130,1402,728,0,solc=0.6.6;opt=on;runs=999999;viaIR=off;evmTarget=istanbul;bytecodeHash=none,Uniswap/v2-periphery@ed24991304291297c3b4a52818d02f46a17aa9a2,"STATICCALL; state+oracle arrive as CALLDATA, never storage"
univ2-modified-zero-fee,A,quote,sell-base,off-target,10%,0,0,0,2130,1402,728,0,solc=0.6.6;opt=on;runs=999999;viaIR=off;evmTarget=istanbul;bytecodeHash=none,Uniswap/v2-periphery@ed24991304291297c3b4a52818d02f46a17aa9a2,"STATICCALL; state+oracle arrive as CALLDATA, never storage"
univ2-modified-zero-fee,A,quote,buy-base,balanced,0.01%,0,0,0,2137,1402,735,0,solc=0.6.6;opt=on;runs=999999;viaIR=off;evmTarget=istanbul;bytecodeHash=none,Uniswap/v2-periphery@ed24991304291297c3b4a52818d02f46a17aa9a2,"STATICCALL; state+oracle arrive as CALLDATA, never storage"
univ2-modified-zero-fee,A,quote,buy-base,balanced,0.1%,0,0,0,2137,1402,735,0,solc=0.6.6;opt=on;runs=999999;viaIR=off;evmTarget=istanbul;bytecodeHash=none,Uniswap/v2-periphery@ed24991304291297c3b4a52818d02f46a17aa9a2,"STATICCALL; state+oracle arrive as CALLDATA, never storage"
univ2-modified-zero-fee,A,quote,buy-base,balanced,1%,0,0,0,2137,1402,735,0,solc=0.6.6;opt=on;runs=999999;viaIR=off;evmTarget=istanbul;bytecodeHash=none,Uniswap/v2-periphery@ed24991304291297c3b4a52818d02f46a17aa9a2,"STATICCALL; state+oracle arrive as CALLDATA, never storage"
univ2-modified-zero-fee,A,quote,buy-base,balanced,5%,0,0,0,2137,1402,735,0,solc=0.6.6;opt=on;runs=999999;viaIR=off;evmTarget=istanbul;bytecodeHash=none,Uniswap/v2-periphery@ed24991304291297c3b4a52818d02f46a17aa9a2,"STATICCALL; state+oracle arrive as CALLDATA, never storage"
univ2-modified-zero-fee,A,quote,buy-base,balanced,10%,0,0,0,2137,1402,735,0,solc=0.6.6;opt=on;runs=999999;viaIR=off;evmTarget=istanbul;bytecodeHash=none,Uniswap/v2-periphery@ed24991304291297c3b4a52818d02f46a17aa9a2,"STATICCALL; state+oracle arrive as CALLDATA, never storage"
univ2-modified-zero-fee,A,quote,buy-base,off-target,0.01%,0,0,0,2137,1402,735,0,solc=0.6.6;opt=on;runs=999999;viaIR=off;evmTarget=istanbul;bytecodeHash=none,Uniswap/v2-periphery@ed24991304291297c3b4a52818d02f46a17aa9a2,"STATICCALL; state+oracle arrive as CALLDATA, never storage"
univ2-modified-zero-fee,A,quote,buy-base,off-target,0.1%,0,0,0,2137,1402,735,0,solc=0.6.6;opt=on;runs=999999;viaIR=off;evmTarget=istanbul;bytecodeHash=none,Uniswap/v2-periphery@ed24991304291297c3b4a52818d02f46a17aa9a2,"STATICCALL; state+oracle arrive as CALLDATA, never storage"
univ2-modified-zero-fee,A,quote,buy-base,off-target,1%,0,0,0,2137,1402,735,0,solc=0.6.6;opt=on;runs=999999;viaIR=off;evmTarget=istanbul;bytecodeHash=none,Uniswap/v2-periphery@ed24991304291297c3b4a52818d02f46a17aa9a2,"STATICCALL; state+oracle arrive as CALLDATA, never storage"
univ2-modified-zero-fee,A,quote,buy-base,off-target,5%,0,0,0,2137,1402,735,0,solc=0.6.6;opt=on;runs=999999;viaIR=off;evmTarget=istanbul;bytecodeHash=none,Uniswap/v2-periphery@ed24991304291297c3b4a52818d02f46a17aa9a2,"STATICCALL; state+oracle arrive as CALLDATA, never storage"
univ2-modified-zero-fee,A,quote,buy-base,off-target,10%,0,0,0,2137,1402,735,0,solc=0.6.6;opt=on;runs=999999;viaIR=off;evmTarget=istanbul;bytecodeHash=none,Uniswap/v2-periphery@ed24991304291297c3b4a52818d02f46a17aa9a2,"STATICCALL; state+oracle arrive as CALLDATA, never storage"
univ3-zero-fee,A2,fullQuote,sell-base,balanced,0.01%,0,0,0,10693,1402,9291,0,solc=0.7.6;opt=on;runs=800;viaIR=off;evmTarget=istanbul;bytecodeHash=none,Uniswap/v3-core@e3589b192d0be27e100cd0daaf6c97204fdb1899(v1.0.0),"A2: whole quote incl. tick traversal. ONLY A2 compares with other whole-quote rows"
univ3-zero-fee,A2,fullQuote,sell-base,balanced,0.1%,0,0,0,10693,1402,9291,0,solc=0.7.6;opt=on;runs=800;viaIR=off;evmTarget=istanbul;bytecodeHash=none,Uniswap/v3-core@e3589b192d0be27e100cd0daaf6c97204fdb1899(v1.0.0),"A2: whole quote incl. tick traversal. ONLY A2 compares with other whole-quote rows"
univ3-zero-fee,A2,fullQuote,sell-base,balanced,1%,3,0,0,27934,1402,26532,0,solc=0.7.6;opt=on;runs=800;viaIR=off;evmTarget=istanbul;bytecodeHash=none,Uniswap/v3-core@e3589b192d0be27e100cd0daaf6c97204fdb1899(v1.0.0),"A2: whole quote incl. tick traversal. ONLY A2 compares with other whole-quote rows"
univ3-zero-fee,A2,fullQuote,sell-base,balanced,5%,11,0,0,73553,1402,72151,0,solc=0.7.6;opt=on;runs=800;viaIR=off;evmTarget=istanbul;bytecodeHash=none,Uniswap/v3-core@e3589b192d0be27e100cd0daaf6c97204fdb1899(v1.0.0),"A2: whole quote incl. tick traversal. ONLY A2 compares with other whole-quote rows"
univ3-zero-fee,A2,fullQuote,sell-base,balanced,10%,11,0,0,72611,1402,71209,0,solc=0.7.6;opt=on;runs=800;viaIR=off;evmTarget=istanbul;bytecodeHash=none,Uniswap/v3-core@e3589b192d0be27e100cd0daaf6c97204fdb1899(v1.0.0),"A2: whole quote incl. tick traversal. ONLY A2 compares with other whole-quote rows"
univ3-zero-fee,A2,fullQuote,buy-base,balanced,0.01%,0,0,0,10867,1402,9465,0,solc=0.7.6;opt=on;runs=800;viaIR=off;evmTarget=istanbul;bytecodeHash=none,Uniswap/v3-core@e3589b192d0be27e100cd0daaf6c97204fdb1899(v1.0.0),"A2: whole quote incl. tick traversal. ONLY A2 compares with other whole-quote rows"
univ3-zero-fee,A2,fullQuote,buy-base,balanced,0.1%,0,0,0,10885,1402,9483,0,solc=0.7.6;opt=on;runs=800;viaIR=off;evmTarget=istanbul;bytecodeHash=none,Uniswap/v3-core@e3589b192d0be27e100cd0daaf6c97204fdb1899(v1.0.0),"A2: whole quote incl. tick traversal. ONLY A2 compares with other whole-quote rows"
univ3-zero-fee,A2,fullQuote,buy-base,balanced,1%,3,0,0,27599,1402,26197,0,solc=0.7.6;opt=on;runs=800;viaIR=off;evmTarget=istanbul;bytecodeHash=none,Uniswap/v3-core@e3589b192d0be27e100cd0daaf6c97204fdb1899(v1.0.0),"A2: whole quote incl. tick traversal. ONLY A2 compares with other whole-quote rows"
univ3-zero-fee,A2,fullQuote,buy-base,balanced,5%,12,0,0,79078,1402,77676,0,solc=0.7.6;opt=on;runs=800;viaIR=off;evmTarget=istanbul;bytecodeHash=none,Uniswap/v3-core@e3589b192d0be27e100cd0daaf6c97204fdb1899(v1.0.0),"A2: whole quote incl. tick traversal. ONLY A2 compares with other whole-quote rows"
univ3-zero-fee,A2,fullQuote,buy-base,balanced,10%,12,0,0,79050,1402,77648,0,solc=0.7.6;opt=on;runs=800;viaIR=off;evmTarget=istanbul;bytecodeHash=none,Uniswap/v3-core@e3589b192d0be27e100cd0daaf6c97204fdb1899(v1.0.0),"A2: whole quote incl. tick traversal. ONLY A2 compares with other whole-quote rows"
univ3-zero-fee,A2,fullQuote,sell-base,off-target,0.01%,0,0,0,10280,1402,8878,0,solc=0.7.6;opt=on;runs=800;viaIR=off;evmTarget=istanbul;bytecodeHash=none,Uniswap/v3-core@e3589b192d0be27e100cd0daaf6c97204fdb1899(v1.0.0),"A2: whole quote incl. tick traversal. ONLY A2 compares with other whole-quote rows"
univ3-zero-fee,A2,fullQuote,sell-base,off-target,0.1%,1,0,0,10308,1402,8906,0,solc=0.7.6;opt=on;runs=800;viaIR=off;evmTarget=istanbul;bytecodeHash=none,Uniswap/v3-core@e3589b192d0be27e100cd0daaf6c97204fdb1899(v1.0.0),"A2: whole quote incl. tick traversal. ONLY A2 compares with other whole-quote rows"
univ3-zero-fee,A2,fullQuote,sell-base,off-target,1%,7,0,0,10256,1402,8854,0,solc=0.7.6;opt=on;runs=800;viaIR=off;evmTarget=istanbul;bytecodeHash=none,Uniswap/v3-core@e3589b192d0be27e100cd0daaf6c97204fdb1899(v1.0.0),"A2: whole quote incl. tick traversal. ONLY A2 compares with other whole-quote rows"
univ3-zero-fee,A2,fullQuote,sell-base,off-target,5%,11,0,0,10256,1402,8854,0,solc=0.7.6;opt=on;runs=800;viaIR=off;evmTarget=istanbul;bytecodeHash=none,Uniswap/v3-core@e3589b192d0be27e100cd0daaf6c97204fdb1899(v1.0.0),"A2: whole quote incl. tick traversal. ONLY A2 compares with other whole-quote rows"
univ3-zero-fee,A2,fullQuote,sell-base,off-target,10%,11,0,0,10250,1402,8848,0,solc=0.7.6;opt=on;runs=800;viaIR=off;evmTarget=istanbul;bytecodeHash=none,Uniswap/v3-core@e3589b192d0be27e100cd0daaf6c97204fdb1899(v1.0.0),"A2: whole quote incl. tick traversal. ONLY A2 compares with other whole-quote rows"
univ3-zero-fee,A2,fullQuote,buy-base,off-target,0.01%,0,0,0,10881,1402,9479,0,solc=0.7.6;opt=on;runs=800;viaIR=off;evmTarget=istanbul;bytecodeHash=none,Uniswap/v3-core@e3589b192d0be27e100cd0daaf6c97204fdb1899(v1.0.0),"A2: whole quote incl. tick traversal. ONLY A2 compares with other whole-quote rows"
univ3-zero-fee,A2,fullQuote,buy-base,off-target,0.1%,1,0,0,15995,1402,14593,0,solc=0.7.6;opt=on;runs=800;viaIR=off;evmTarget=istanbul;bytecodeHash=none,Uniswap/v3-core@e3589b192d0be27e100cd0daaf6c97204fdb1899(v1.0.0),"A2: whole quote incl. tick traversal. ONLY A2 compares with other whole-quote rows"
univ3-zero-fee,A2,fullQuote,buy-base,off-target,1%,7,0,0,16033,1402,14631,0,solc=0.7.6;opt=on;runs=800;viaIR=off;evmTarget=istanbul;bytecodeHash=none,Uniswap/v3-core@e3589b192d0be27e100cd0daaf6c97204fdb1899(v1.0.0),"A2: whole quote incl. tick traversal. ONLY A2 compares with other whole-quote rows"
univ3-zero-fee,A2,fullQuote,buy-base,off-target,5%,12,0,0,15049,1402,13647,0,solc=0.7.6;opt=on;runs=800;viaIR=off;evmTarget=istanbul;bytecodeHash=none,Uniswap/v3-core@e3589b192d0be27e100cd0daaf6c97204fdb1899(v1.0.0),"A2: whole quote incl. tick traversal. ONLY A2 compares with other whole-quote rows"
univ3-zero-fee,A2,fullQuote,buy-base,off-target,10%,12,0,0,15951,1402,14549,0,solc=0.7.6;opt=on;runs=800;viaIR=off;evmTarget=istanbul;bytecodeHash=none,Uniswap/v3-core@e3589b192d0be27e100cd0daaf6c97204fdb1899(v1.0.0),"A2: whole quote incl. tick traversal. ONLY A2 compares with other whole-quote rows"
univ3-zero-fee,A1,primitiveStep,sell-base,balanced,0.01%,0,0,0,5198,1752,3446,0,solc=0.7.6;opt=on;runs=800;viaIR=off;evmTarget=istanbul;bytecodeHash=none,Uniswap/v3-core@e3589b192d0be27e100cd0daaf6c97204fdb1899(v1.0.0),"A1: ONE SwapMath.computeSwapStep. NOT comparable with any whole-quote row, incl. V3 A2"
univ3-zero-fee,A1,primitiveStep,sell-base,balanced,0.1%,0,0,0,5198,1752,3446,0,solc=0.7.6;opt=on;runs=800;viaIR=off;evmTarget=istanbul;bytecodeHash=none,Uniswap/v3-core@e3589b192d0be27e100cd0daaf6c97204fdb1899(v1.0.0),"A1: ONE SwapMath.computeSwapStep. NOT comparable with any whole-quote row, incl. V3 A2"
univ3-zero-fee,A1,primitiveStep,sell-base,balanced,1%,0,0,0,3863,1752,2111,0,solc=0.7.6;opt=on;runs=800;viaIR=off;evmTarget=istanbul;bytecodeHash=none,Uniswap/v3-core@e3589b192d0be27e100cd0daaf6c97204fdb1899(v1.0.0),"A1: ONE SwapMath.computeSwapStep. NOT comparable with any whole-quote row, incl. V3 A2"
univ3-zero-fee,A1,primitiveStep,sell-base,balanced,5%,0,0,0,3863,1752,2111,0,solc=0.7.6;opt=on;runs=800;viaIR=off;evmTarget=istanbul;bytecodeHash=none,Uniswap/v3-core@e3589b192d0be27e100cd0daaf6c97204fdb1899(v1.0.0),"A1: ONE SwapMath.computeSwapStep. NOT comparable with any whole-quote row, incl. V3 A2"
univ3-zero-fee,A1,primitiveStep,sell-base,balanced,10%,0,0,0,3863,1752,2111,0,solc=0.7.6;opt=on;runs=800;viaIR=off;evmTarget=istanbul;bytecodeHash=none,Uniswap/v3-core@e3589b192d0be27e100cd0daaf6c97204fdb1899(v1.0.0),"A1: ONE SwapMath.computeSwapStep. NOT comparable with any whole-quote row, incl. V3 A2"
dodo,B,stateUpdate-algorithmOracle,sell-base,balanced,1%,0,58115,46115,46115,1485,44630,0,solc=0.8.28;opt=on;runs=200;viaIR=off;evmTarget=prague;bytecodeHash=none,DODOEX/contractV2@8da3ee1ec50966fca9a2c80d424040c45c0f785e via mantle-propamm-contracts@07f6797,"CROSS-ALGORITHM number: oracle delivered through the identical adapter calldata slot for every algorithm"
dodo,B,stateUpdate-algorithmOracle-cold,sell-base,balanced,1%,0,58115,46115,58115,1485,56630,0,solc=0.8.28;opt=on;runs=200;viaIR=off;evmTarget=prague;bytecodeHash=none,DODOEX/contractV2@8da3ee1ec50966fca9a2c80d424040c45c0f785e via mantle-propamm-contracts@07f6797,"vm.coolSlot on slots 0..5 of the CELL, the contract that OWNS them; cooling the Adapter wrapper does nothing"
dodo,B,stateUpdate-algorithmOracle,sell-base,off-target,1%,0,55872,43872,43872,1485,42387,0,solc=0.8.28;opt=on;runs=200;viaIR=off;evmTarget=prague;bytecodeHash=none,DODOEX/contractV2@8da3ee1ec50966fca9a2c80d424040c45c0f785e via mantle-propamm-contracts@07f6797,"CROSS-ALGORITHM number: oracle delivered through the identical adapter calldata slot for every algorithm"
dodo,B,stateUpdate-algorithmOracle-cold,sell-base,off-target,1%,0,55872,43872,55872,1485,54387,0,solc=0.8.28;opt=on;runs=200;viaIR=off;evmTarget=prague;bytecodeHash=none,DODOEX/contractV2@8da3ee1ec50966fca9a2c80d424040c45c0f785e via mantle-propamm-contracts@07f6797,"vm.coolSlot on slots 0..5 of the CELL, the contract that OWNS them; cooling the Adapter wrapper does nothing"
dodo,B,stateUpdate-algorithmOracle,buy-base,balanced,1%,0,56771,44771,44771,1485,43286,0,solc=0.8.28;opt=on;runs=200;viaIR=off;evmTarget=prague;bytecodeHash=none,DODOEX/contractV2@8da3ee1ec50966fca9a2c80d424040c45c0f785e via mantle-propamm-contracts@07f6797,"CROSS-ALGORITHM number: oracle delivered through the identical adapter calldata slot for every algorithm"
dodo,B,stateUpdate-algorithmOracle-cold,buy-base,balanced,1%,0,56771,44771,56771,1485,55286,0,solc=0.8.28;opt=on;runs=200;viaIR=off;evmTarget=prague;bytecodeHash=none,DODOEX/contractV2@8da3ee1ec50966fca9a2c80d424040c45c0f785e via mantle-propamm-contracts@07f6797,"vm.coolSlot on slots 0..5 of the CELL, the contract that OWNS them; cooling the Adapter wrapper does nothing"
dodo,B,stateUpdate-algorithmOracle,buy-base,off-target,1%,0,35140,23140,23140,1485,21655,0,solc=0.8.28;opt=on;runs=200;viaIR=off;evmTarget=prague;bytecodeHash=none,DODOEX/contractV2@8da3ee1ec50966fca9a2c80d424040c45c0f785e via mantle-propamm-contracts@07f6797,"CROSS-ALGORITHM number: oracle delivered through the identical adapter calldata slot for every algorithm"
dodo,B,stateUpdate-algorithmOracle-cold,buy-base,off-target,1%,0,35140,23140,35140,1485,33655,0,solc=0.8.28;opt=on;runs=200;viaIR=off;evmTarget=prague;bytecodeHash=none,DODOEX/contractV2@8da3ee1ec50966fca9a2c80d424040c45c0f785e via mantle-propamm-contracts@07f6797,"vm.coolSlot on slots 0..5 of the CELL, the contract that OWNS them; cooling the Adapter wrapper does nothing"
dodo,B,stateUpdate-referenceOracle,sell-base,balanced,1%,0,56777,46777,46777,1758,45019,0,solc=0.8.28;opt=on;runs=200;viaIR=off;evmTarget=prague;bytecodeHash=none,DODOEX/contractV2@8da3ee1ec50966fca9a2c80d424040c45c0f785e via mantle-propamm-contracts@07f6797,"SYSTEM cost: this algorithm's REAL oracle path. These are DIFFERENT PRODUCTS; MUST NOT be used to argue one curve's MATHS is dearer"
dodo,B,stateUpdate-referenceOracle-cold,sell-base,balanced,1%,0,56777,46777,56777,1758,55019,0,solc=0.8.28;opt=on;runs=200;viaIR=off;evmTarget=prague;bytecodeHash=none,DODOEX/contractV2@8da3ee1ec50966fca9a2c80d424040c45c0f785e via mantle-propamm-contracts@07f6797,"vm.coolSlot on slots 0..5 of the CELL, the contract that OWNS them; cooling the Adapter wrapper does nothing"
dodo,B,stateUpdate-referenceOracle,sell-base,off-target,1%,0,54534,44534,44534,1758,42776,0,solc=0.8.28;opt=on;runs=200;viaIR=off;evmTarget=prague;bytecodeHash=none,DODOEX/contractV2@8da3ee1ec50966fca9a2c80d424040c45c0f785e via mantle-propamm-contracts@07f6797,"SYSTEM cost: this algorithm's REAL oracle path. These are DIFFERENT PRODUCTS; MUST NOT be used to argue one curve's MATHS is dearer"
dodo,B,stateUpdate-referenceOracle-cold,sell-base,off-target,1%,0,54534,44534,54534,1758,52776,0,solc=0.8.28;opt=on;runs=200;viaIR=off;evmTarget=prague;bytecodeHash=none,DODOEX/contractV2@8da3ee1ec50966fca9a2c80d424040c45c0f785e via mantle-propamm-contracts@07f6797,"vm.coolSlot on slots 0..5 of the CELL, the contract that OWNS them; cooling the Adapter wrapper does nothing"
dodo,B,stateUpdate-referenceOracle,buy-base,balanced,1%,0,55433,45433,45433,1758,43675,0,solc=0.8.28;opt=on;runs=200;viaIR=off;evmTarget=prague;bytecodeHash=none,DODOEX/contractV2@8da3ee1ec50966fca9a2c80d424040c45c0f785e via mantle-propamm-contracts@07f6797,"SYSTEM cost: this algorithm's REAL oracle path. These are DIFFERENT PRODUCTS; MUST NOT be used to argue one curve's MATHS is dearer"
dodo,B,stateUpdate-referenceOracle-cold,buy-base,balanced,1%,0,55433,45433,55433,1758,53675,0,solc=0.8.28;opt=on;runs=200;viaIR=off;evmTarget=prague;bytecodeHash=none,DODOEX/contractV2@8da3ee1ec50966fca9a2c80d424040c45c0f785e via mantle-propamm-contracts@07f6797,"vm.coolSlot on slots 0..5 of the CELL, the contract that OWNS them; cooling the Adapter wrapper does nothing"
dodo,B,stateUpdate-referenceOracle,buy-base,off-target,1%,0,33802,23802,23802,1758,22044,0,solc=0.8.28;opt=on;runs=200;viaIR=off;evmTarget=prague;bytecodeHash=none,DODOEX/contractV2@8da3ee1ec50966fca9a2c80d424040c45c0f785e via mantle-propamm-contracts@07f6797,"SYSTEM cost: this algorithm's REAL oracle path. These are DIFFERENT PRODUCTS; MUST NOT be used to argue one curve's MATHS is dearer"
dodo,B,stateUpdate-referenceOracle-cold,buy-base,off-target,1%,0,33802,23802,33802,1758,32044,0,solc=0.8.28;opt=on;runs=200;viaIR=off;evmTarget=prague;bytecodeHash=none,DODOEX/contractV2@8da3ee1ec50966fca9a2c80d424040c45c0f785e via mantle-propamm-contracts@07f6797,"vm.coolSlot on slots 0..5 of the CELL, the contract that OWNS them; cooling the Adapter wrapper does nothing"
flashbots,B,stateUpdate-algorithmOracle,sell-base,balanced,1%,0,11364,3364,3364,1485,1879,0,solc=0.8.28;opt=on;runs=200;viaIR=off;evmTarget=prague;bytecodeHash=none,flashbots/priority-update-registry@da53117870c7bec96d71caebe1b3f94370aba3d6,"CROSS-ALGORITHM number: oracle delivered through the identical adapter calldata slot for every algorithm"
flashbots,B,stateUpdate-algorithmOracle-cold,sell-base,balanced,1%,0,11364,3364,11364,1485,9879,0,solc=0.8.28;opt=on;runs=200;viaIR=off;evmTarget=prague;bytecodeHash=none,flashbots/priority-update-registry@da53117870c7bec96d71caebe1b3f94370aba3d6,"vm.coolSlot on slots 0..5 of the CELL, the contract that OWNS them; cooling the Adapter wrapper does nothing"
flashbots,B,stateUpdate-algorithmOracle,sell-base,off-target,1%,0,11364,3364,3364,1485,1879,0,solc=0.8.28;opt=on;runs=200;viaIR=off;evmTarget=prague;bytecodeHash=none,flashbots/priority-update-registry@da53117870c7bec96d71caebe1b3f94370aba3d6,"CROSS-ALGORITHM number: oracle delivered through the identical adapter calldata slot for every algorithm"
flashbots,B,stateUpdate-algorithmOracle-cold,sell-base,off-target,1%,0,11364,3364,11364,1485,9879,0,solc=0.8.28;opt=on;runs=200;viaIR=off;evmTarget=prague;bytecodeHash=none,flashbots/priority-update-registry@da53117870c7bec96d71caebe1b3f94370aba3d6,"vm.coolSlot on slots 0..5 of the CELL, the contract that OWNS them; cooling the Adapter wrapper does nothing"
flashbots,B,stateUpdate-algorithmOracle,buy-base,balanced,1%,0,11346,3346,3346,1485,1861,0,solc=0.8.28;opt=on;runs=200;viaIR=off;evmTarget=prague;bytecodeHash=none,flashbots/priority-update-registry@da53117870c7bec96d71caebe1b3f94370aba3d6,"CROSS-ALGORITHM number: oracle delivered through the identical adapter calldata slot for every algorithm"
flashbots,B,stateUpdate-algorithmOracle-cold,buy-base,balanced,1%,0,11346,3346,11346,1485,9861,0,solc=0.8.28;opt=on;runs=200;viaIR=off;evmTarget=prague;bytecodeHash=none,flashbots/priority-update-registry@da53117870c7bec96d71caebe1b3f94370aba3d6,"vm.coolSlot on slots 0..5 of the CELL, the contract that OWNS them; cooling the Adapter wrapper does nothing"
flashbots,B,stateUpdate-algorithmOracle,buy-base,off-target,1%,0,11346,3346,3346,1485,1861,0,solc=0.8.28;opt=on;runs=200;viaIR=off;evmTarget=prague;bytecodeHash=none,flashbots/priority-update-registry@da53117870c7bec96d71caebe1b3f94370aba3d6,"CROSS-ALGORITHM number: oracle delivered through the identical adapter calldata slot for every algorithm"
flashbots,B,stateUpdate-algorithmOracle-cold,buy-base,off-target,1%,0,11346,3346,11346,1485,9861,0,solc=0.8.28;opt=on;runs=200;viaIR=off;evmTarget=prague;bytecodeHash=none,flashbots/priority-update-registry@da53117870c7bec96d71caebe1b3f94370aba3d6,"vm.coolSlot on slots 0..5 of the CELL, the contract that OWNS them; cooling the Adapter wrapper does nothing"
flashbots,B,stateUpdate-referenceOracle,sell-base,balanced,1%,0,20800,8700,8700,1722,6978,0,solc=0.8.28;opt=on;runs=200;viaIR=off;evmTarget=prague;bytecodeHash=none,flashbots/priority-update-registry@da53117870c7bec96d71caebe1b3f94370aba3d6,"SYSTEM cost: this algorithm's REAL oracle path. These are DIFFERENT PRODUCTS; MUST NOT be used to argue one curve's MATHS is dearer"
flashbots,B,stateUpdate-referenceOracle-cold,sell-base,balanced,1%,0,20800,8700,20800,1722,19078,0,solc=0.8.28;opt=on;runs=200;viaIR=off;evmTarget=prague;bytecodeHash=none,flashbots/priority-update-registry@da53117870c7bec96d71caebe1b3f94370aba3d6,"vm.coolSlot on slots 0..5 of the CELL, the contract that OWNS them; cooling the Adapter wrapper does nothing"
flashbots,B,stateUpdate-referenceOracle,sell-base,off-target,1%,0,20800,8700,8700,1722,6978,0,solc=0.8.28;opt=on;runs=200;viaIR=off;evmTarget=prague;bytecodeHash=none,flashbots/priority-update-registry@da53117870c7bec96d71caebe1b3f94370aba3d6,"SYSTEM cost: this algorithm's REAL oracle path. These are DIFFERENT PRODUCTS; MUST NOT be used to argue one curve's MATHS is dearer"
flashbots,B,stateUpdate-referenceOracle-cold,sell-base,off-target,1%,0,20800,8700,20800,1722,19078,0,solc=0.8.28;opt=on;runs=200;viaIR=off;evmTarget=prague;bytecodeHash=none,flashbots/priority-update-registry@da53117870c7bec96d71caebe1b3f94370aba3d6,"vm.coolSlot on slots 0..5 of the CELL, the contract that OWNS them; cooling the Adapter wrapper does nothing"
flashbots,B,stateUpdate-referenceOracle,buy-base,balanced,1%,0,20782,8682,8682,1722,6960,0,solc=0.8.28;opt=on;runs=200;viaIR=off;evmTarget=prague;bytecodeHash=none,flashbots/priority-update-registry@da53117870c7bec96d71caebe1b3f94370aba3d6,"SYSTEM cost: this algorithm's REAL oracle path. These are DIFFERENT PRODUCTS; MUST NOT be used to argue one curve's MATHS is dearer"
flashbots,B,stateUpdate-referenceOracle-cold,buy-base,balanced,1%,0,20782,8682,20782,1722,19060,0,solc=0.8.28;opt=on;runs=200;viaIR=off;evmTarget=prague;bytecodeHash=none,flashbots/priority-update-registry@da53117870c7bec96d71caebe1b3f94370aba3d6,"vm.coolSlot on slots 0..5 of the CELL, the contract that OWNS them; cooling the Adapter wrapper does nothing"
flashbots,B,stateUpdate-referenceOracle,buy-base,off-target,1%,0,20782,8682,8682,1722,6960,0,solc=0.8.28;opt=on;runs=200;viaIR=off;evmTarget=prague;bytecodeHash=none,flashbots/priority-update-registry@da53117870c7bec96d71caebe1b3f94370aba3d6,"SYSTEM cost: this algorithm's REAL oracle path. These are DIFFERENT PRODUCTS; MUST NOT be used to argue one curve's MATHS is dearer"
flashbots,B,stateUpdate-referenceOracle-cold,buy-base,off-target,1%,0,20782,8682,20782,1722,19060,0,solc=0.8.28;opt=on;runs=200;viaIR=off;evmTarget=prague;bytecodeHash=none,flashbots/priority-update-registry@da53117870c7bec96d71caebe1b3f94370aba3d6,"vm.coolSlot on slots 0..5 of the CELL, the contract that OWNS them; cooling the Adapter wrapper does nothing"
univ2-canonical-30bps,B,stateUpdate-algorithmOracle,sell-base,balanced,1%,0,6716,2716,2716,1318,1398,0,solc=0.6.6;opt=on;runs=999999;viaIR=off;evmTarget=istanbul;bytecodeHash=none,Uniswap/v2-periphery@ed24991304291297c3b4a52818d02f46a17aa9a2,"CROSS-ALGORITHM number: oracle delivered through the identical adapter calldata slot for every algorithm"
univ2-canonical-30bps,B,stateUpdate-algorithmOracle-cold,sell-base,balanced,1%,0,6716,2716,6716,1318,5398,0,solc=0.6.6;opt=on;runs=999999;viaIR=off;evmTarget=istanbul;bytecodeHash=none,Uniswap/v2-periphery@ed24991304291297c3b4a52818d02f46a17aa9a2,"vm.coolSlot on slots 0..5 of the CELL, the contract that OWNS them; cooling the Adapter wrapper does nothing"
univ2-canonical-30bps,B,stateUpdate-algorithmOracle,sell-base,off-target,1%,0,6716,2716,2716,1318,1398,0,solc=0.6.6;opt=on;runs=999999;viaIR=off;evmTarget=istanbul;bytecodeHash=none,Uniswap/v2-periphery@ed24991304291297c3b4a52818d02f46a17aa9a2,"CROSS-ALGORITHM number: oracle delivered through the identical adapter calldata slot for every algorithm"
univ2-canonical-30bps,B,stateUpdate-algorithmOracle-cold,sell-base,off-target,1%,0,6716,2716,6716,1318,5398,0,solc=0.6.6;opt=on;runs=999999;viaIR=off;evmTarget=istanbul;bytecodeHash=none,Uniswap/v2-periphery@ed24991304291297c3b4a52818d02f46a17aa9a2,"vm.coolSlot on slots 0..5 of the CELL, the contract that OWNS them; cooling the Adapter wrapper does nothing"
univ2-canonical-30bps,B,stateUpdate-algorithmOracle,buy-base,balanced,1%,0,6717,2717,2717,1318,1399,0,solc=0.6.6;opt=on;runs=999999;viaIR=off;evmTarget=istanbul;bytecodeHash=none,Uniswap/v2-periphery@ed24991304291297c3b4a52818d02f46a17aa9a2,"CROSS-ALGORITHM number: oracle delivered through the identical adapter calldata slot for every algorithm"
univ2-canonical-30bps,B,stateUpdate-algorithmOracle-cold,buy-base,balanced,1%,0,6717,2717,6717,1318,5399,0,solc=0.6.6;opt=on;runs=999999;viaIR=off;evmTarget=istanbul;bytecodeHash=none,Uniswap/v2-periphery@ed24991304291297c3b4a52818d02f46a17aa9a2,"vm.coolSlot on slots 0..5 of the CELL, the contract that OWNS them; cooling the Adapter wrapper does nothing"
univ2-canonical-30bps,B,stateUpdate-algorithmOracle,buy-base,off-target,1%,0,6717,2717,2717,1318,1399,0,solc=0.6.6;opt=on;runs=999999;viaIR=off;evmTarget=istanbul;bytecodeHash=none,Uniswap/v2-periphery@ed24991304291297c3b4a52818d02f46a17aa9a2,"CROSS-ALGORITHM number: oracle delivered through the identical adapter calldata slot for every algorithm"
univ2-canonical-30bps,B,stateUpdate-algorithmOracle-cold,buy-base,off-target,1%,0,6717,2717,6717,1318,5399,0,solc=0.6.6;opt=on;runs=999999;viaIR=off;evmTarget=istanbul;bytecodeHash=none,Uniswap/v2-periphery@ed24991304291297c3b4a52818d02f46a17aa9a2,"vm.coolSlot on slots 0..5 of the CELL, the contract that OWNS them; cooling the Adapter wrapper does nothing"
univ2-canonical-30bps,B,stateUpdate-referenceOracle,sell-base,balanced,1%,0,14374,4374,4374,1651,2723,0,solc=0.6.6;opt=on;runs=999999;viaIR=off;evmTarget=istanbul;bytecodeHash=none,Uniswap/v2-periphery@ed24991304291297c3b4a52818d02f46a17aa9a2,"SYSTEM cost: this algorithm's REAL oracle path. These are DIFFERENT PRODUCTS; MUST NOT be used to argue one curve's MATHS is dearer"
univ2-canonical-30bps,B,stateUpdate-referenceOracle-cold,sell-base,balanced,1%,0,14374,4374,14374,1651,12723,0,solc=0.6.6;opt=on;runs=999999;viaIR=off;evmTarget=istanbul;bytecodeHash=none,Uniswap/v2-periphery@ed24991304291297c3b4a52818d02f46a17aa9a2,"vm.coolSlot on slots 0..5 of the CELL, the contract that OWNS them; cooling the Adapter wrapper does nothing"
univ2-canonical-30bps,B,stateUpdate-referenceOracle,sell-base,off-target,1%,0,14374,4374,4374,1651,2723,0,solc=0.6.6;opt=on;runs=999999;viaIR=off;evmTarget=istanbul;bytecodeHash=none,Uniswap/v2-periphery@ed24991304291297c3b4a52818d02f46a17aa9a2,"SYSTEM cost: this algorithm's REAL oracle path. These are DIFFERENT PRODUCTS; MUST NOT be used to argue one curve's MATHS is dearer"
univ2-canonical-30bps,B,stateUpdate-referenceOracle-cold,sell-base,off-target,1%,0,14374,4374,14374,1651,12723,0,solc=0.6.6;opt=on;runs=999999;viaIR=off;evmTarget=istanbul;bytecodeHash=none,Uniswap/v2-periphery@ed24991304291297c3b4a52818d02f46a17aa9a2,"vm.coolSlot on slots 0..5 of the CELL, the contract that OWNS them; cooling the Adapter wrapper does nothing"
univ2-canonical-30bps,B,stateUpdate-referenceOracle,buy-base,balanced,1%,0,14375,4375,4375,1651,2724,0,solc=0.6.6;opt=on;runs=999999;viaIR=off;evmTarget=istanbul;bytecodeHash=none,Uniswap/v2-periphery@ed24991304291297c3b4a52818d02f46a17aa9a2,"SYSTEM cost: this algorithm's REAL oracle path. These are DIFFERENT PRODUCTS; MUST NOT be used to argue one curve's MATHS is dearer"
univ2-canonical-30bps,B,stateUpdate-referenceOracle-cold,buy-base,balanced,1%,0,14375,4375,14375,1651,12724,0,solc=0.6.6;opt=on;runs=999999;viaIR=off;evmTarget=istanbul;bytecodeHash=none,Uniswap/v2-periphery@ed24991304291297c3b4a52818d02f46a17aa9a2,"vm.coolSlot on slots 0..5 of the CELL, the contract that OWNS them; cooling the Adapter wrapper does nothing"
univ2-canonical-30bps,B,stateUpdate-referenceOracle,buy-base,off-target,1%,0,14375,4375,4375,1651,2724,0,solc=0.6.6;opt=on;runs=999999;viaIR=off;evmTarget=istanbul;bytecodeHash=none,Uniswap/v2-periphery@ed24991304291297c3b4a52818d02f46a17aa9a2,"SYSTEM cost: this algorithm's REAL oracle path. These are DIFFERENT PRODUCTS; MUST NOT be used to argue one curve's MATHS is dearer"
univ2-canonical-30bps,B,stateUpdate-referenceOracle-cold,buy-base,off-target,1%,0,14375,4375,14375,1651,12724,0,solc=0.6.6;opt=on;runs=999999;viaIR=off;evmTarget=istanbul;bytecodeHash=none,Uniswap/v2-periphery@ed24991304291297c3b4a52818d02f46a17aa9a2,"vm.coolSlot on slots 0..5 of the CELL, the contract that OWNS them; cooling the Adapter wrapper does nothing"
univ2-modified-zero-fee,B,stateUpdate-algorithmOracle,sell-base,balanced,1%,0,6716,2716,2716,1318,1398,0,solc=0.6.6;opt=on;runs=999999;viaIR=off;evmTarget=istanbul;bytecodeHash=none,Uniswap/v2-periphery@ed24991304291297c3b4a52818d02f46a17aa9a2,"CROSS-ALGORITHM number: oracle delivered through the identical adapter calldata slot for every algorithm"
univ2-modified-zero-fee,B,stateUpdate-algorithmOracle-cold,sell-base,balanced,1%,0,6716,2716,6716,1318,5398,0,solc=0.6.6;opt=on;runs=999999;viaIR=off;evmTarget=istanbul;bytecodeHash=none,Uniswap/v2-periphery@ed24991304291297c3b4a52818d02f46a17aa9a2,"vm.coolSlot on slots 0..5 of the CELL, the contract that OWNS them; cooling the Adapter wrapper does nothing"
univ2-modified-zero-fee,B,stateUpdate-algorithmOracle,sell-base,off-target,1%,0,6716,2716,2716,1318,1398,0,solc=0.6.6;opt=on;runs=999999;viaIR=off;evmTarget=istanbul;bytecodeHash=none,Uniswap/v2-periphery@ed24991304291297c3b4a52818d02f46a17aa9a2,"CROSS-ALGORITHM number: oracle delivered through the identical adapter calldata slot for every algorithm"
univ2-modified-zero-fee,B,stateUpdate-algorithmOracle-cold,sell-base,off-target,1%,0,6716,2716,6716,1318,5398,0,solc=0.6.6;opt=on;runs=999999;viaIR=off;evmTarget=istanbul;bytecodeHash=none,Uniswap/v2-periphery@ed24991304291297c3b4a52818d02f46a17aa9a2,"vm.coolSlot on slots 0..5 of the CELL, the contract that OWNS them; cooling the Adapter wrapper does nothing"
univ2-modified-zero-fee,B,stateUpdate-algorithmOracle,buy-base,balanced,1%,0,6717,2717,2717,1318,1399,0,solc=0.6.6;opt=on;runs=999999;viaIR=off;evmTarget=istanbul;bytecodeHash=none,Uniswap/v2-periphery@ed24991304291297c3b4a52818d02f46a17aa9a2,"CROSS-ALGORITHM number: oracle delivered through the identical adapter calldata slot for every algorithm"
univ2-modified-zero-fee,B,stateUpdate-algorithmOracle-cold,buy-base,balanced,1%,0,6717,2717,6717,1318,5399,0,solc=0.6.6;opt=on;runs=999999;viaIR=off;evmTarget=istanbul;bytecodeHash=none,Uniswap/v2-periphery@ed24991304291297c3b4a52818d02f46a17aa9a2,"vm.coolSlot on slots 0..5 of the CELL, the contract that OWNS them; cooling the Adapter wrapper does nothing"
univ2-modified-zero-fee,B,stateUpdate-algorithmOracle,buy-base,off-target,1%,0,6717,2717,2717,1318,1399,0,solc=0.6.6;opt=on;runs=999999;viaIR=off;evmTarget=istanbul;bytecodeHash=none,Uniswap/v2-periphery@ed24991304291297c3b4a52818d02f46a17aa9a2,"CROSS-ALGORITHM number: oracle delivered through the identical adapter calldata slot for every algorithm"
univ2-modified-zero-fee,B,stateUpdate-algorithmOracle-cold,buy-base,off-target,1%,0,6717,2717,6717,1318,5399,0,solc=0.6.6;opt=on;runs=999999;viaIR=off;evmTarget=istanbul;bytecodeHash=none,Uniswap/v2-periphery@ed24991304291297c3b4a52818d02f46a17aa9a2,"vm.coolSlot on slots 0..5 of the CELL, the contract that OWNS them; cooling the Adapter wrapper does nothing"
univ2-modified-zero-fee,B,stateUpdate-referenceOracle,sell-base,balanced,1%,0,14374,4374,4374,1651,2723,0,solc=0.6.6;opt=on;runs=999999;viaIR=off;evmTarget=istanbul;bytecodeHash=none,Uniswap/v2-periphery@ed24991304291297c3b4a52818d02f46a17aa9a2,"SYSTEM cost: this algorithm's REAL oracle path. These are DIFFERENT PRODUCTS; MUST NOT be used to argue one curve's MATHS is dearer"
univ2-modified-zero-fee,B,stateUpdate-referenceOracle-cold,sell-base,balanced,1%,0,14374,4374,14374,1651,12723,0,solc=0.6.6;opt=on;runs=999999;viaIR=off;evmTarget=istanbul;bytecodeHash=none,Uniswap/v2-periphery@ed24991304291297c3b4a52818d02f46a17aa9a2,"vm.coolSlot on slots 0..5 of the CELL, the contract that OWNS them; cooling the Adapter wrapper does nothing"
univ2-modified-zero-fee,B,stateUpdate-referenceOracle,sell-base,off-target,1%,0,14374,4374,4374,1651,2723,0,solc=0.6.6;opt=on;runs=999999;viaIR=off;evmTarget=istanbul;bytecodeHash=none,Uniswap/v2-periphery@ed24991304291297c3b4a52818d02f46a17aa9a2,"SYSTEM cost: this algorithm's REAL oracle path. These are DIFFERENT PRODUCTS; MUST NOT be used to argue one curve's MATHS is dearer"
univ2-modified-zero-fee,B,stateUpdate-referenceOracle-cold,sell-base,off-target,1%,0,14374,4374,14374,1651,12723,0,solc=0.6.6;opt=on;runs=999999;viaIR=off;evmTarget=istanbul;bytecodeHash=none,Uniswap/v2-periphery@ed24991304291297c3b4a52818d02f46a17aa9a2,"vm.coolSlot on slots 0..5 of the CELL, the contract that OWNS them; cooling the Adapter wrapper does nothing"
univ2-modified-zero-fee,B,stateUpdate-referenceOracle,buy-base,balanced,1%,0,14375,4375,4375,1651,2724,0,solc=0.6.6;opt=on;runs=999999;viaIR=off;evmTarget=istanbul;bytecodeHash=none,Uniswap/v2-periphery@ed24991304291297c3b4a52818d02f46a17aa9a2,"SYSTEM cost: this algorithm's REAL oracle path. These are DIFFERENT PRODUCTS; MUST NOT be used to argue one curve's MATHS is dearer"
univ2-modified-zero-fee,B,stateUpdate-referenceOracle-cold,buy-base,balanced,1%,0,14375,4375,14375,1651,12724,0,solc=0.6.6;opt=on;runs=999999;viaIR=off;evmTarget=istanbul;bytecodeHash=none,Uniswap/v2-periphery@ed24991304291297c3b4a52818d02f46a17aa9a2,"vm.coolSlot on slots 0..5 of the CELL, the contract that OWNS them; cooling the Adapter wrapper does nothing"
univ2-modified-zero-fee,B,stateUpdate-referenceOracle,buy-base,off-target,1%,0,14375,4375,4375,1651,2724,0,solc=0.6.6;opt=on;runs=999999;viaIR=off;evmTarget=istanbul;bytecodeHash=none,Uniswap/v2-periphery@ed24991304291297c3b4a52818d02f46a17aa9a2,"SYSTEM cost: this algorithm's REAL oracle path. These are DIFFERENT PRODUCTS; MUST NOT be used to argue one curve's MATHS is dearer"
univ2-modified-zero-fee,B,stateUpdate-referenceOracle-cold,buy-base,off-target,1%,0,14375,4375,14375,1651,12724,0,solc=0.6.6;opt=on;runs=999999;viaIR=off;evmTarget=istanbul;bytecodeHash=none,Uniswap/v2-periphery@ed24991304291297c3b4a52818d02f46a17aa9a2,"vm.coolSlot on slots 0..5 of the CELL, the contract that OWNS them; cooling the Adapter wrapper does nothing"
univ3-zero-fee,B,stateUpdate-algorithmOracle,sell-base,balanced,1%,3,38573,28573,28573,1318,27255,0,solc=0.7.6;opt=on;runs=800;viaIR=off;evmTarget=istanbul;bytecodeHash=none,Uniswap/v3-core@e3589b192d0be27e100cd0daaf6c97204fdb1899(v1.0.0),"CROSS-ALGORITHM number; V3 consumes no external oracle, the calldata slot is accepted and ignored"
univ3-zero-fee,B,stateUpdate-algorithmOracle-cold,sell-base,balanced,1%,3,38573,28573,38573,1318,37255,0,solc=0.7.6;opt=on;runs=800;viaIR=off;evmTarget=istanbul;bytecodeHash=none,Uniswap/v3-core@e3589b192d0be27e100cd0daaf6c97204fdb1899(v1.0.0),"vm.coolSlot on slots 0..5 of the CELL"
univ3-zero-fee,B,stateUpdate-algorithmOracle,buy-base,balanced,1%,3,38238,28238,28238,1318,26920,0,solc=0.7.6;opt=on;runs=800;viaIR=off;evmTarget=istanbul;bytecodeHash=none,Uniswap/v3-core@e3589b192d0be27e100cd0daaf6c97204fdb1899(v1.0.0),"CROSS-ALGORITHM number; V3 consumes no external oracle, the calldata slot is accepted and ignored"
univ3-zero-fee,B,stateUpdate-algorithmOracle-cold,buy-base,balanced,1%,3,38238,28238,38238,1318,36920,0,solc=0.7.6;opt=on;runs=800;viaIR=off;evmTarget=istanbul;bytecodeHash=none,Uniswap/v3-core@e3589b192d0be27e100cd0daaf6c97204fdb1899(v1.0.0),"vm.coolSlot on slots 0..5 of the CELL"
univ3-zero-fee,B,stateUpdate-referenceOracle,sell-base,balanced,1%,3,40036,30036,30036,1651,28385,0,solc=0.7.6;opt=on;runs=800;viaIR=off;evmTarget=istanbul;bytecodeHash=none,Uniswap/v3-core@e3589b192d0be27e100cd0daaf6c97204fdb1899(v1.0.0),"SYSTEM cost: V3's observation array at cardinality 1, written through the pinned Oracle library"
univ3-zero-fee,B,stateUpdate-referenceOracle-cold,sell-base,balanced,1%,3,40036,30036,40036,1651,38385,0,solc=0.7.6;opt=on;runs=800;viaIR=off;evmTarget=istanbul;bytecodeHash=none,Uniswap/v3-core@e3589b192d0be27e100cd0daaf6c97204fdb1899(v1.0.0),"vm.coolSlot on slots 0..5 of the CELL"
univ3-zero-fee,B,stateUpdate-referenceOracle,buy-base,balanced,1%,3,39701,29701,29701,1651,28050,0,solc=0.7.6;opt=on;runs=800;viaIR=off;evmTarget=istanbul;bytecodeHash=none,Uniswap/v3-core@e3589b192d0be27e100cd0daaf6c97204fdb1899(v1.0.0),"SYSTEM cost: V3's observation array at cardinality 1, written through the pinned Oracle library"
univ3-zero-fee,B,stateUpdate-referenceOracle-cold,buy-base,balanced,1%,3,39701,29701,39701,1651,38050,0,solc=0.7.6;opt=on;runs=800;viaIR=off;evmTarget=istanbul;bytecodeHash=none,Uniswap/v3-core@e3589b192d0be27e100cd0daaf6c97204fdb1899(v1.0.0),"vm.coolSlot on slots 0..5 of the CELL"
dodo,B,seedState-firstWrite-0-to-nonzero,n/a,fresh,n/a,0,94516,0,94516,1097,93419,0,solc=0.8.28;opt=on;runs=200;viaIR=off;evmTarget=prague;bytecodeHash=none,gas-harness(harness-authored; see README),"rawGas is GROSS as metered; gasRefunded is the EIP-3529 refund counter, applied at transaction end and capped at gasUsed/5. Six-slot layout shared by every cell"
dodo,B,seedState-overwrite-nonzero,n/a,warm,n/a,0,0,2316,2316,1097,1219,0,solc=0.8.28;opt=on;runs=200;viaIR=off;evmTarget=prague;bytecodeHash=none,gas-harness(harness-authored; see README),"rawGas is GROSS as metered; gasRefunded is the EIP-3529 refund counter, applied at transaction end and capped at gasUsed/5. Six-slot layout shared by every cell"
dodo,B,seedState-zeroing-nonzero-to-0-sameTx,n/a,warm,n/a,0,0,2316,2316,1097,1219,79600,solc=0.8.28;opt=on;runs=200;viaIR=off;evmTarget=prague;bytecodeHash=none,gas-harness(harness-authored; see README),"rawGas is GROSS as metered; gasRefunded is the EIP-3529 refund counter, applied at transaction end and capped at gasUsed/5. Six-slot layout shared by every cell"
dodo,B,seedState-zeroing-nonzero-to-0-vmStoreSeeded,n/a,warm,n/a,0,0,2316,2316,1097,1219,79600,solc=0.8.28;opt=on;runs=200;viaIR=off;evmTarget=prague;bytecodeHash=none,gas-harness(harness-authored; see README),"rawGas is GROSS as metered; gasRefunded is the EIP-3529 refund counter, applied at transaction end and capped at gasUsed/5. Six-slot layout shared by every cell"
token-only-control,C,transferPair,sell-base,balanced,0.01%,0,0,35384,35384,0,35384,0,solc=0.8.28;opt=on;runs=200;viaIR=off;evmTarget=prague,gas-harness(harness-authored; see README),"NO curve: one TestToken transfer out, one external call, one transfer back. THIS is the layer C baseline, so its own nullTwinGas is 0. Reported alongside every raw number, never only in subtracted form"
token-only-control,C,transferPair,sell-base,balanced,0.1%,0,0,35384,35384,0,35384,0,solc=0.8.28;opt=on;runs=200;viaIR=off;evmTarget=prague,gas-harness(harness-authored; see README),"NO curve: one TestToken transfer out, one external call, one transfer back. THIS is the layer C baseline, so its own nullTwinGas is 0. Reported alongside every raw number, never only in subtracted form"
token-only-control,C,transferPair,sell-base,balanced,1%,0,0,35384,35384,0,35384,0,solc=0.8.28;opt=on;runs=200;viaIR=off;evmTarget=prague,gas-harness(harness-authored; see README),"NO curve: one TestToken transfer out, one external call, one transfer back. THIS is the layer C baseline, so its own nullTwinGas is 0. Reported alongside every raw number, never only in subtracted form"
token-only-control,C,transferPair,sell-base,balanced,5%,0,0,35384,35384,0,35384,0,solc=0.8.28;opt=on;runs=200;viaIR=off;evmTarget=prague,gas-harness(harness-authored; see README),"NO curve: one TestToken transfer out, one external call, one transfer back. THIS is the layer C baseline, so its own nullTwinGas is 0. Reported alongside every raw number, never only in subtracted form"
token-only-control,C,transferPair,sell-base,balanced,10%,0,0,35384,35384,0,35384,0,solc=0.8.28;opt=on;runs=200;viaIR=off;evmTarget=prague,gas-harness(harness-authored; see README),"NO curve: one TestToken transfer out, one external call, one transfer back. THIS is the layer C baseline, so its own nullTwinGas is 0. Reported alongside every raw number, never only in subtracted form"
univ3-production-3000,C-fee-sensitivity,swapEndToEnd,sell-base,balanced,1%,0,0,210136,210136,35384,174752,0,solc=0.7.6;opt=on;runs=800;viaIR=off;evmTarget=istanbul;bytecodeHash=none,Uniswap/v3-core@e3589b192d0be27e100cd0daaf6c97204fdb1899(v1.0.0),"SEPARATE sensitivity row: REAL UniswapV3Pool at the canonical 0.30% tier. Do NOT mix with the zero-fee main table"
dodo-production-lpFee-3bps,C-fee-sensitivity,swapEndToEnd,sell-base,balanced,1%,0,0,98178,98178,35384,62794,0,solc=0.8.28;opt=on;runs=200;viaIR=off;evmTarget=prague;bytecodeHash=none,DODOEX/contractV2@8da3ee1ec50966fca9a2c80d424040c45c0f785e via mantle-propamm-contracts@07f6797,"SEPARATE sensitivity row: lpFeeRate 3e14 (0.03%) on the harness-authored DODO pool. Do NOT mix with the zero-fee main table"
univ3-production-3000,C-fee-sensitivity,swapEndToEnd,buy-base,balanced,1%,0,0,179914,179914,35384,144530,0,solc=0.7.6;opt=on;runs=800;viaIR=off;evmTarget=istanbul;bytecodeHash=none,Uniswap/v3-core@e3589b192d0be27e100cd0daaf6c97204fdb1899(v1.0.0),"SEPARATE sensitivity row: REAL UniswapV3Pool at the canonical 0.30% tier. Do NOT mix with the zero-fee main table"
dodo-production-lpFee-3bps,C-fee-sensitivity,swapEndToEnd,buy-base,balanced,1%,0,0,96835,96835,35384,61451,0,solc=0.8.28;opt=on;runs=200;viaIR=off;evmTarget=prague;bytecodeHash=none,DODOEX/contractV2@8da3ee1ec50966fca9a2c80d424040c45c0f785e via mantle-propamm-contracts@07f6797,"SEPARATE sensitivity row: lpFeeRate 3e14 (0.03%) on the harness-authored DODO pool. Do NOT mix with the zero-fee main table"
univ2-canonical-30bps,C,swapEndToEnd,sell-base,balanced,0.01%,0,0,58612,58612,35384,23228,0,solc=0.5.16;opt=on;runs=999999;viaIR=off;evmTarget=istanbul;bytecodeHash=none,Uniswap/v2-core@4dd59067c76dea4a0e8e4bfdda41877a6b16dedc(v1.0.1),"PRODUCTION REALITY: unmodified upstream pair at the pinned commit, 30 bps. nullTwinGas here is the TOKEN-ONLY CONTROL (no curve), not a same-pragma empty-body twin"
univ2-modified-zero-fee,C,swapEndToEnd,sell-base,balanced,0.01%,0,0,58186,58186,35384,22802,0,solc=0.5.16;opt=on;runs=999999;viaIR=off;evmTarget=istanbul;bytecodeHash=none,Uniswap/v2-core@4dd59067c76dea4a0e8e4bfdda41877a6b16dedc+patches/uniswap-v2-pair-zero-fee.patch,"BENCHMARK-ONLY zero-fee pair, deployed DIRECTLY (pairFor's init-code hash never used). NEVER mix with the canonical row. nullTwinGas here is the TOKEN-ONLY CONTROL"
univ3-zero-fee,C,swapEndToEnd,sell-base,balanced,0.01%,0,0,65986,65986,35384,30602,0,solc=0.7.6;opt=on;runs=800;viaIR=off;evmTarget=istanbul;bytecodeHash=none,Uniswap/v3-core@e3589b192d0be27e100cd0daaf6c97204fdb1899(v1.0.0),"REAL unmodified UniswapV3Pool; fee 0 enabled with factory.enableFeeAmount(0,60), which needs NO upstream change. nullTwinGas here is the TOKEN-ONLY CONTROL"
dodo,C,swapEndToEnd,sell-base,balanced,0.01%,0,0,98254,98254,35384,62870,0,solc=0.8.28;opt=on;runs=200;viaIR=off;evmTarget=prague;bytecodeHash=none,DODOEX/contractV2@8da3ee1ec50966fca9a2c80d424040c45c0f785e via mantle-propamm-contracts@07f6797,"HARNESS-AUTHORED minimal pool around the pinned PMMPricing library. NOT a deployed DODO contract and NOT the Mantle pool. nullTwinGas here is the TOKEN-ONLY CONTROL. See README"
flashbots,C,swapEndToEnd,sell-base,balanced,0.01%,0,0,103700,103700,35384,68316,0,solc=0.8.28;opt=on;runs=200;viaIR=off;evmTarget=prague;bytecodeHash=none,flashbots/priority-update-registry@da53117870c7bec96d71caebe1b3f94370aba3d6,"REAL unmodified ExamplePropAmm + PrioUpdateRegistry, including Ownable/ReentrancyGuard/SafeERC20 and the registry read. nullTwinGas here is the TOKEN-ONLY CONTROL"
univ2-canonical-30bps,C,swapEndToEnd,sell-base,balanced,0.1%,0,0,58612,58612,35384,23228,0,solc=0.5.16;opt=on;runs=999999;viaIR=off;evmTarget=istanbul;bytecodeHash=none,Uniswap/v2-core@4dd59067c76dea4a0e8e4bfdda41877a6b16dedc(v1.0.1),"PRODUCTION REALITY: unmodified upstream pair at the pinned commit, 30 bps. nullTwinGas here is the TOKEN-ONLY CONTROL (no curve), not a same-pragma empty-body twin"
univ2-modified-zero-fee,C,swapEndToEnd,sell-base,balanced,0.1%,0,0,58186,58186,35384,22802,0,solc=0.5.16;opt=on;runs=999999;viaIR=off;evmTarget=istanbul;bytecodeHash=none,Uniswap/v2-core@4dd59067c76dea4a0e8e4bfdda41877a6b16dedc+patches/uniswap-v2-pair-zero-fee.patch,"BENCHMARK-ONLY zero-fee pair, deployed DIRECTLY (pairFor's init-code hash never used). NEVER mix with the canonical row. nullTwinGas here is the TOKEN-ONLY CONTROL"
univ3-zero-fee,C,swapEndToEnd,sell-base,balanced,0.1%,0,0,65986,65986,35384,30602,0,solc=0.7.6;opt=on;runs=800;viaIR=off;evmTarget=istanbul;bytecodeHash=none,Uniswap/v3-core@e3589b192d0be27e100cd0daaf6c97204fdb1899(v1.0.0),"REAL unmodified UniswapV3Pool; fee 0 enabled with factory.enableFeeAmount(0,60), which needs NO upstream change. nullTwinGas here is the TOKEN-ONLY CONTROL"
dodo,C,swapEndToEnd,sell-base,balanced,0.1%,0,0,98178,98178,35384,62794,0,solc=0.8.28;opt=on;runs=200;viaIR=off;evmTarget=prague;bytecodeHash=none,DODOEX/contractV2@8da3ee1ec50966fca9a2c80d424040c45c0f785e via mantle-propamm-contracts@07f6797,"HARNESS-AUTHORED minimal pool around the pinned PMMPricing library. NOT a deployed DODO contract and NOT the Mantle pool. nullTwinGas here is the TOKEN-ONLY CONTROL. See README"
flashbots,C,swapEndToEnd,sell-base,balanced,0.1%,0,0,103700,103700,35384,68316,0,solc=0.8.28;opt=on;runs=200;viaIR=off;evmTarget=prague;bytecodeHash=none,flashbots/priority-update-registry@da53117870c7bec96d71caebe1b3f94370aba3d6,"REAL unmodified ExamplePropAmm + PrioUpdateRegistry, including Ownable/ReentrancyGuard/SafeERC20 and the registry read. nullTwinGas here is the TOKEN-ONLY CONTROL"
univ2-canonical-30bps,C,swapEndToEnd,sell-base,balanced,1%,0,0,58612,58612,35384,23228,0,solc=0.5.16;opt=on;runs=999999;viaIR=off;evmTarget=istanbul;bytecodeHash=none,Uniswap/v2-core@4dd59067c76dea4a0e8e4bfdda41877a6b16dedc(v1.0.1),"PRODUCTION REALITY: unmodified upstream pair at the pinned commit, 30 bps. nullTwinGas here is the TOKEN-ONLY CONTROL (no curve), not a same-pragma empty-body twin"
univ2-modified-zero-fee,C,swapEndToEnd,sell-base,balanced,1%,0,0,58186,58186,35384,22802,0,solc=0.5.16;opt=on;runs=999999;viaIR=off;evmTarget=istanbul;bytecodeHash=none,Uniswap/v2-core@4dd59067c76dea4a0e8e4bfdda41877a6b16dedc+patches/uniswap-v2-pair-zero-fee.patch,"BENCHMARK-ONLY zero-fee pair, deployed DIRECTLY (pairFor's init-code hash never used). NEVER mix with the canonical row. nullTwinGas here is the TOKEN-ONLY CONTROL"
univ3-zero-fee,C,swapEndToEnd,sell-base,balanced,1%,3,0,125979,125979,35384,90595,0,solc=0.7.6;opt=on;runs=800;viaIR=off;evmTarget=istanbul;bytecodeHash=none,Uniswap/v3-core@e3589b192d0be27e100cd0daaf6c97204fdb1899(v1.0.0),"REAL unmodified UniswapV3Pool; fee 0 enabled with factory.enableFeeAmount(0,60), which needs NO upstream change. nullTwinGas here is the TOKEN-ONLY CONTROL"
dodo,C,swapEndToEnd,sell-base,balanced,1%,0,0,98178,98178,35384,62794,0,solc=0.8.28;opt=on;runs=200;viaIR=off;evmTarget=prague;bytecodeHash=none,DODOEX/contractV2@8da3ee1ec50966fca9a2c80d424040c45c0f785e via mantle-propamm-contracts@07f6797,"HARNESS-AUTHORED minimal pool around the pinned PMMPricing library. NOT a deployed DODO contract and NOT the Mantle pool. nullTwinGas here is the TOKEN-ONLY CONTROL. See README"
flashbots,C,swapEndToEnd,sell-base,balanced,1%,0,0,103700,103700,35384,68316,0,solc=0.8.28;opt=on;runs=200;viaIR=off;evmTarget=prague;bytecodeHash=none,flashbots/priority-update-registry@da53117870c7bec96d71caebe1b3f94370aba3d6,"REAL unmodified ExamplePropAmm + PrioUpdateRegistry, including Ownable/ReentrancyGuard/SafeERC20 and the registry read. nullTwinGas here is the TOKEN-ONLY CONTROL"
univ2-canonical-30bps,C,swapEndToEnd,sell-base,balanced,5%,0,0,58612,58612,35384,23228,0,solc=0.5.16;opt=on;runs=999999;viaIR=off;evmTarget=istanbul;bytecodeHash=none,Uniswap/v2-core@4dd59067c76dea4a0e8e4bfdda41877a6b16dedc(v1.0.1),"PRODUCTION REALITY: unmodified upstream pair at the pinned commit, 30 bps. nullTwinGas here is the TOKEN-ONLY CONTROL (no curve), not a same-pragma empty-body twin"
univ2-modified-zero-fee,C,swapEndToEnd,sell-base,balanced,5%,0,0,58186,58186,35384,22802,0,solc=0.5.16;opt=on;runs=999999;viaIR=off;evmTarget=istanbul;bytecodeHash=none,Uniswap/v2-core@4dd59067c76dea4a0e8e4bfdda41877a6b16dedc+patches/uniswap-v2-pair-zero-fee.patch,"BENCHMARK-ONLY zero-fee pair, deployed DIRECTLY (pairFor's init-code hash never used). NEVER mix with the canonical row. nullTwinGas here is the TOKEN-ONLY CONTROL"
univ3-zero-fee,C,swapEndToEnd,sell-base,balanced,5%,11,0,267530,267530,35384,232146,0,solc=0.7.6;opt=on;runs=800;viaIR=off;evmTarget=istanbul;bytecodeHash=none,Uniswap/v3-core@e3589b192d0be27e100cd0daaf6c97204fdb1899(v1.0.0),"REAL unmodified UniswapV3Pool; fee 0 enabled with factory.enableFeeAmount(0,60), which needs NO upstream change. nullTwinGas here is the TOKEN-ONLY CONTROL"
dodo,C,swapEndToEnd,sell-base,balanced,5%,0,0,98254,98254,35384,62870,0,solc=0.8.28;opt=on;runs=200;viaIR=off;evmTarget=prague;bytecodeHash=none,DODOEX/contractV2@8da3ee1ec50966fca9a2c80d424040c45c0f785e via mantle-propamm-contracts@07f6797,"HARNESS-AUTHORED minimal pool around the pinned PMMPricing library. NOT a deployed DODO contract and NOT the Mantle pool. nullTwinGas here is the TOKEN-ONLY CONTROL. See README"
flashbots,C,swapEndToEnd,sell-base,balanced,5%,0,0,103700,103700,35384,68316,0,solc=0.8.28;opt=on;runs=200;viaIR=off;evmTarget=prague;bytecodeHash=none,flashbots/priority-update-registry@da53117870c7bec96d71caebe1b3f94370aba3d6,"REAL unmodified ExamplePropAmm + PrioUpdateRegistry, including Ownable/ReentrancyGuard/SafeERC20 and the registry read. nullTwinGas here is the TOKEN-ONLY CONTROL"
univ2-canonical-30bps,C,swapEndToEnd,sell-base,balanced,10%,0,0,58612,58612,35384,23228,0,solc=0.5.16;opt=on;runs=999999;viaIR=off;evmTarget=istanbul;bytecodeHash=none,Uniswap/v2-core@4dd59067c76dea4a0e8e4bfdda41877a6b16dedc(v1.0.1),"PRODUCTION REALITY: unmodified upstream pair at the pinned commit, 30 bps. nullTwinGas here is the TOKEN-ONLY CONTROL (no curve), not a same-pragma empty-body twin"
univ2-modified-zero-fee,C,swapEndToEnd,sell-base,balanced,10%,0,0,58186,58186,35384,22802,0,solc=0.5.16;opt=on;runs=999999;viaIR=off;evmTarget=istanbul;bytecodeHash=none,Uniswap/v2-core@4dd59067c76dea4a0e8e4bfdda41877a6b16dedc+patches/uniswap-v2-pair-zero-fee.patch,"BENCHMARK-ONLY zero-fee pair, deployed DIRECTLY (pairFor's init-code hash never used). NEVER mix with the canonical row. nullTwinGas here is the TOKEN-ONLY CONTROL"
univ3-zero-fee,C,swapEndToEnd,sell-base,balanced,10%,11,0,266588,266588,35384,231204,0,solc=0.7.6;opt=on;runs=800;viaIR=off;evmTarget=istanbul;bytecodeHash=none,Uniswap/v3-core@e3589b192d0be27e100cd0daaf6c97204fdb1899(v1.0.0),"REAL unmodified UniswapV3Pool; fee 0 enabled with factory.enableFeeAmount(0,60), which needs NO upstream change. nullTwinGas here is the TOKEN-ONLY CONTROL"
dodo,C,swapEndToEnd,sell-base,balanced,10%,0,0,98178,98178,35384,62794,0,solc=0.8.28;opt=on;runs=200;viaIR=off;evmTarget=prague;bytecodeHash=none,DODOEX/contractV2@8da3ee1ec50966fca9a2c80d424040c45c0f785e via mantle-propamm-contracts@07f6797,"HARNESS-AUTHORED minimal pool around the pinned PMMPricing library. NOT a deployed DODO contract and NOT the Mantle pool. nullTwinGas here is the TOKEN-ONLY CONTROL. See README"
flashbots,C,swapEndToEnd,sell-base,balanced,10%,0,0,103700,103700,35384,68316,0,solc=0.8.28;opt=on;runs=200;viaIR=off;evmTarget=prague;bytecodeHash=none,flashbots/priority-update-registry@da53117870c7bec96d71caebe1b3f94370aba3d6,"REAL unmodified ExamplePropAmm + PrioUpdateRegistry, including Ownable/ReentrancyGuard/SafeERC20 and the registry read. nullTwinGas here is the TOKEN-ONLY CONTROL"
univ2-canonical-30bps,C,swapEndToEnd,buy-base,balanced,0.01%,0,0,58623,58623,35384,23239,0,solc=0.5.16;opt=on;runs=999999;viaIR=off;evmTarget=istanbul;bytecodeHash=none,Uniswap/v2-core@4dd59067c76dea4a0e8e4bfdda41877a6b16dedc(v1.0.1),"PRODUCTION REALITY: unmodified upstream pair at the pinned commit, 30 bps. nullTwinGas here is the TOKEN-ONLY CONTROL (no curve), not a same-pragma empty-body twin"
univ2-modified-zero-fee,C,swapEndToEnd,buy-base,balanced,0.01%,0,0,58197,58197,35384,22813,0,solc=0.5.16;opt=on;runs=999999;viaIR=off;evmTarget=istanbul;bytecodeHash=none,Uniswap/v2-core@4dd59067c76dea4a0e8e4bfdda41877a6b16dedc+patches/uniswap-v2-pair-zero-fee.patch,"BENCHMARK-ONLY zero-fee pair, deployed DIRECTLY (pairFor's init-code hash never used). NEVER mix with the canonical row. nullTwinGas here is the TOKEN-ONLY CONTROL"
univ3-zero-fee,C,swapEndToEnd,buy-base,balanced,0.01%,0,0,66148,66148,35384,30764,0,solc=0.7.6;opt=on;runs=800;viaIR=off;evmTarget=istanbul;bytecodeHash=none,Uniswap/v3-core@e3589b192d0be27e100cd0daaf6c97204fdb1899(v1.0.0),"REAL unmodified UniswapV3Pool; fee 0 enabled with factory.enableFeeAmount(0,60), which needs NO upstream change. nullTwinGas here is the TOKEN-ONLY CONTROL"
dodo,C,swapEndToEnd,buy-base,balanced,0.01%,0,0,96510,96510,35384,61126,0,solc=0.8.28;opt=on;runs=200;viaIR=off;evmTarget=prague;bytecodeHash=none,DODOEX/contractV2@8da3ee1ec50966fca9a2c80d424040c45c0f785e via mantle-propamm-contracts@07f6797,"HARNESS-AUTHORED minimal pool around the pinned PMMPricing library. NOT a deployed DODO contract and NOT the Mantle pool. nullTwinGas here is the TOKEN-ONLY CONTROL. See README"
flashbots,C,swapEndToEnd,buy-base,balanced,0.01%,0,0,103682,103682,35384,68298,0,solc=0.8.28;opt=on;runs=200;viaIR=off;evmTarget=prague;bytecodeHash=none,flashbots/priority-update-registry@da53117870c7bec96d71caebe1b3f94370aba3d6,"REAL unmodified ExamplePropAmm + PrioUpdateRegistry, including Ownable/ReentrancyGuard/SafeERC20 and the registry read. nullTwinGas here is the TOKEN-ONLY CONTROL"
univ2-canonical-30bps,C,swapEndToEnd,buy-base,balanced,0.1%,0,0,58623,58623,35384,23239,0,solc=0.5.16;opt=on;runs=999999;viaIR=off;evmTarget=istanbul;bytecodeHash=none,Uniswap/v2-core@4dd59067c76dea4a0e8e4bfdda41877a6b16dedc(v1.0.1),"PRODUCTION REALITY: unmodified upstream pair at the pinned commit, 30 bps. nullTwinGas here is the TOKEN-ONLY CONTROL (no curve), not a same-pragma empty-body twin"
univ2-modified-zero-fee,C,swapEndToEnd,buy-base,balanced,0.1%,0,0,58197,58197,35384,22813,0,solc=0.5.16;opt=on;runs=999999;viaIR=off;evmTarget=istanbul;bytecodeHash=none,Uniswap/v2-core@4dd59067c76dea4a0e8e4bfdda41877a6b16dedc+patches/uniswap-v2-pair-zero-fee.patch,"BENCHMARK-ONLY zero-fee pair, deployed DIRECTLY (pairFor's init-code hash never used). NEVER mix with the canonical row. nullTwinGas here is the TOKEN-ONLY CONTROL"
univ3-zero-fee,C,swapEndToEnd,buy-base,balanced,0.1%,0,0,66166,66166,35384,30782,0,solc=0.7.6;opt=on;runs=800;viaIR=off;evmTarget=istanbul;bytecodeHash=none,Uniswap/v3-core@e3589b192d0be27e100cd0daaf6c97204fdb1899(v1.0.0),"REAL unmodified UniswapV3Pool; fee 0 enabled with factory.enableFeeAmount(0,60), which needs NO upstream change. nullTwinGas here is the TOKEN-ONLY CONTROL"
dodo,C,swapEndToEnd,buy-base,balanced,0.1%,0,0,96835,96835,35384,61451,0,solc=0.8.28;opt=on;runs=200;viaIR=off;evmTarget=prague;bytecodeHash=none,DODOEX/contractV2@8da3ee1ec50966fca9a2c80d424040c45c0f785e via mantle-propamm-contracts@07f6797,"HARNESS-AUTHORED minimal pool around the pinned PMMPricing library. NOT a deployed DODO contract and NOT the Mantle pool. nullTwinGas here is the TOKEN-ONLY CONTROL. See README"
flashbots,C,swapEndToEnd,buy-base,balanced,0.1%,0,0,103682,103682,35384,68298,0,solc=0.8.28;opt=on;runs=200;viaIR=off;evmTarget=prague;bytecodeHash=none,flashbots/priority-update-registry@da53117870c7bec96d71caebe1b3f94370aba3d6,"REAL unmodified ExamplePropAmm + PrioUpdateRegistry, including Ownable/ReentrancyGuard/SafeERC20 and the registry read. nullTwinGas here is the TOKEN-ONLY CONTROL"
univ2-canonical-30bps,C,swapEndToEnd,buy-base,balanced,1%,0,0,58623,58623,35384,23239,0,solc=0.5.16;opt=on;runs=999999;viaIR=off;evmTarget=istanbul;bytecodeHash=none,Uniswap/v2-core@4dd59067c76dea4a0e8e4bfdda41877a6b16dedc(v1.0.1),"PRODUCTION REALITY: unmodified upstream pair at the pinned commit, 30 bps. nullTwinGas here is the TOKEN-ONLY CONTROL (no curve), not a same-pragma empty-body twin"
univ2-modified-zero-fee,C,swapEndToEnd,buy-base,balanced,1%,0,0,58197,58197,35384,22813,0,solc=0.5.16;opt=on;runs=999999;viaIR=off;evmTarget=istanbul;bytecodeHash=none,Uniswap/v2-core@4dd59067c76dea4a0e8e4bfdda41877a6b16dedc+patches/uniswap-v2-pair-zero-fee.patch,"BENCHMARK-ONLY zero-fee pair, deployed DIRECTLY (pairFor's init-code hash never used). NEVER mix with the canonical row. nullTwinGas here is the TOKEN-ONLY CONTROL"
univ3-zero-fee,C,swapEndToEnd,buy-base,balanced,1%,3,0,115595,115595,35384,80211,0,solc=0.7.6;opt=on;runs=800;viaIR=off;evmTarget=istanbul;bytecodeHash=none,Uniswap/v3-core@e3589b192d0be27e100cd0daaf6c97204fdb1899(v1.0.0),"REAL unmodified UniswapV3Pool; fee 0 enabled with factory.enableFeeAmount(0,60), which needs NO upstream change. nullTwinGas here is the TOKEN-ONLY CONTROL"
dodo,C,swapEndToEnd,buy-base,balanced,1%,0,0,96835,96835,35384,61451,0,solc=0.8.28;opt=on;runs=200;viaIR=off;evmTarget=prague;bytecodeHash=none,DODOEX/contractV2@8da3ee1ec50966fca9a2c80d424040c45c0f785e via mantle-propamm-contracts@07f6797,"HARNESS-AUTHORED minimal pool around the pinned PMMPricing library. NOT a deployed DODO contract and NOT the Mantle pool. nullTwinGas here is the TOKEN-ONLY CONTROL. See README"
flashbots,C,swapEndToEnd,buy-base,balanced,1%,0,0,103682,103682,35384,68298,0,solc=0.8.28;opt=on;runs=200;viaIR=off;evmTarget=prague;bytecodeHash=none,flashbots/priority-update-registry@da53117870c7bec96d71caebe1b3f94370aba3d6,"REAL unmodified ExamplePropAmm + PrioUpdateRegistry, including Ownable/ReentrancyGuard/SafeERC20 and the registry read. nullTwinGas here is the TOKEN-ONLY CONTROL"
univ2-canonical-30bps,C,swapEndToEnd,buy-base,balanced,5%,0,0,58623,58623,35384,23239,0,solc=0.5.16;opt=on;runs=999999;viaIR=off;evmTarget=istanbul;bytecodeHash=none,Uniswap/v2-core@4dd59067c76dea4a0e8e4bfdda41877a6b16dedc(v1.0.1),"PRODUCTION REALITY: unmodified upstream pair at the pinned commit, 30 bps. nullTwinGas here is the TOKEN-ONLY CONTROL (no curve), not a same-pragma empty-body twin"
univ2-modified-zero-fee,C,swapEndToEnd,buy-base,balanced,5%,0,0,58197,58197,35384,22813,0,solc=0.5.16;opt=on;runs=999999;viaIR=off;evmTarget=istanbul;bytecodeHash=none,Uniswap/v2-core@4dd59067c76dea4a0e8e4bfdda41877a6b16dedc+patches/uniswap-v2-pair-zero-fee.patch,"BENCHMARK-ONLY zero-fee pair, deployed DIRECTLY (pairFor's init-code hash never used). NEVER mix with the canonical row. nullTwinGas here is the TOKEN-ONLY CONTROL"
univ3-zero-fee,C,swapEndToEnd,buy-base,balanced,5%,12,0,275136,275136,35384,239752,0,solc=0.7.6;opt=on;runs=800;viaIR=off;evmTarget=istanbul;bytecodeHash=none,Uniswap/v3-core@e3589b192d0be27e100cd0daaf6c97204fdb1899(v1.0.0),"REAL unmodified UniswapV3Pool; fee 0 enabled with factory.enableFeeAmount(0,60), which needs NO upstream change. nullTwinGas here is the TOKEN-ONLY CONTROL"
dodo,C,swapEndToEnd,buy-base,balanced,5%,0,0,96586,96586,35384,61202,0,solc=0.8.28;opt=on;runs=200;viaIR=off;evmTarget=prague;bytecodeHash=none,DODOEX/contractV2@8da3ee1ec50966fca9a2c80d424040c45c0f785e via mantle-propamm-contracts@07f6797,"HARNESS-AUTHORED minimal pool around the pinned PMMPricing library. NOT a deployed DODO contract and NOT the Mantle pool. nullTwinGas here is the TOKEN-ONLY CONTROL. See README"
flashbots,C,swapEndToEnd,buy-base,balanced,5%,0,0,103682,103682,35384,68298,0,solc=0.8.28;opt=on;runs=200;viaIR=off;evmTarget=prague;bytecodeHash=none,flashbots/priority-update-registry@da53117870c7bec96d71caebe1b3f94370aba3d6,"REAL unmodified ExamplePropAmm + PrioUpdateRegistry, including Ownable/ReentrancyGuard/SafeERC20 and the registry read. nullTwinGas here is the TOKEN-ONLY CONTROL"
univ2-canonical-30bps,C,swapEndToEnd,buy-base,balanced,10%,0,0,58623,58623,35384,23239,0,solc=0.5.16;opt=on;runs=999999;viaIR=off;evmTarget=istanbul;bytecodeHash=none,Uniswap/v2-core@4dd59067c76dea4a0e8e4bfdda41877a6b16dedc(v1.0.1),"PRODUCTION REALITY: unmodified upstream pair at the pinned commit, 30 bps. nullTwinGas here is the TOKEN-ONLY CONTROL (no curve), not a same-pragma empty-body twin"
univ2-modified-zero-fee,C,swapEndToEnd,buy-base,balanced,10%,0,0,58197,58197,35384,22813,0,solc=0.5.16;opt=on;runs=999999;viaIR=off;evmTarget=istanbul;bytecodeHash=none,Uniswap/v2-core@4dd59067c76dea4a0e8e4bfdda41877a6b16dedc+patches/uniswap-v2-pair-zero-fee.patch,"BENCHMARK-ONLY zero-fee pair, deployed DIRECTLY (pairFor's init-code hash never used). NEVER mix with the canonical row. nullTwinGas here is the TOKEN-ONLY CONTROL"
univ3-zero-fee,C,swapEndToEnd,buy-base,balanced,10%,12,0,275108,275108,35384,239724,0,solc=0.7.6;opt=on;runs=800;viaIR=off;evmTarget=istanbul;bytecodeHash=none,Uniswap/v3-core@e3589b192d0be27e100cd0daaf6c97204fdb1899(v1.0.0),"REAL unmodified UniswapV3Pool; fee 0 enabled with factory.enableFeeAmount(0,60), which needs NO upstream change. nullTwinGas here is the TOKEN-ONLY CONTROL"
dodo,C,swapEndToEnd,buy-base,balanced,10%,0,0,96586,96586,35384,61202,0,solc=0.8.28;opt=on;runs=200;viaIR=off;evmTarget=prague;bytecodeHash=none,DODOEX/contractV2@8da3ee1ec50966fca9a2c80d424040c45c0f785e via mantle-propamm-contracts@07f6797,"HARNESS-AUTHORED minimal pool around the pinned PMMPricing library. NOT a deployed DODO contract and NOT the Mantle pool. nullTwinGas here is the TOKEN-ONLY CONTROL. See README"
flashbots,C,swapEndToEnd,buy-base,balanced,10%,0,0,103682,103682,35384,68298,0,solc=0.8.28;opt=on;runs=200;viaIR=off;evmTarget=prague;bytecodeHash=none,flashbots/priority-update-registry@da53117870c7bec96d71caebe1b3f94370aba3d6,"REAL unmodified ExamplePropAmm + PrioUpdateRegistry, including Ownable/ReentrancyGuard/SafeERC20 and the registry read. nullTwinGas here is the TOKEN-ONLY CONTROL"
