algorithm,operation,accessKind,slot
dodo,stateUpdate-algorithmOracle,read,5
dodo,stateUpdate-algorithmOracle,read,4
dodo,stateUpdate-algorithmOracle,read,0
dodo,stateUpdate-algorithmOracle,read,1
dodo,stateUpdate-algorithmOracle,read,2
dodo,stateUpdate-algorithmOracle,read,3
dodo,stateUpdate-algorithmOracle,read,0
dodo,stateUpdate-algorithmOracle,read,1
dodo,stateUpdate-algorithmOracle,read,2
dodo,stateUpdate-algorithmOracle,read,4
dodo,stateUpdate-algorithmOracle,write,0
dodo,stateUpdate-algorithmOracle,write,1
dodo,stateUpdate-algorithmOracle,write,2
dodo,stateUpdate-algorithmOracle,write,4
dodo,stateUpdate-algorithmOracle,read,5
dodo,stateUpdate-algorithmOracle,read,4
dodo,stateUpdate-algorithmOracle,read,0
dodo,stateUpdate-algorithmOracle,read,1
dodo,stateUpdate-algorithmOracle,read,2
dodo,stateUpdate-algorithmOracle,read,3
dodo,stateUpdate-algorithmOracle,read,0
dodo,stateUpdate-algorithmOracle,read,1
dodo,stateUpdate-algorithmOracle,write,0
dodo,stateUpdate-algorithmOracle,write,1
dodo,stateUpdate-algorithmOracle,read,5
dodo,stateUpdate-algorithmOracle,read,4
dodo,stateUpdate-algorithmOracle,read,0
dodo,stateUpdate-algorithmOracle,read,1
dodo,stateUpdate-algorithmOracle,read,2
dodo,stateUpdate-algorithmOracle,read,3
dodo,stateUpdate-algorithmOracle,read,0
dodo,stateUpdate-algorithmOracle,read,1
dodo,stateUpdate-algorithmOracle,read,3
dodo,stateUpdate-algorithmOracle,read,4
dodo,stateUpdate-algorithmOracle,write,0
dodo,stateUpdate-algorithmOracle,write,1
dodo,stateUpdate-algorithmOracle,write,3
dodo,stateUpdate-algorithmOracle,write,4
dodo,stateUpdate-algorithmOracle,read,5
dodo,stateUpdate-algorithmOracle,read,4
dodo,stateUpdate-algorithmOracle,read,0
dodo,stateUpdate-algorithmOracle,read,1
dodo,stateUpdate-algorithmOracle,read,2
dodo,stateUpdate-algorithmOracle,read,3
dodo,stateUpdate-algorithmOracle,read,0
dodo,stateUpdate-algorithmOracle,read,1
dodo,stateUpdate-algorithmOracle,write,0
dodo,stateUpdate-algorithmOracle,write,1
dodo,stateUpdate-referenceOracle,read,4
dodo,stateUpdate-referenceOracle,read,0
dodo,stateUpdate-referenceOracle,read,1
dodo,stateUpdate-referenceOracle,read,2
dodo,stateUpdate-referenceOracle,read,3
dodo,stateUpdate-referenceOracle,read,0
dodo,stateUpdate-referenceOracle,read,1
dodo,stateUpdate-referenceOracle,read,2
dodo,stateUpdate-referenceOracle,read,4
dodo,stateUpdate-referenceOracle,write,0
dodo,stateUpdate-referenceOracle,write,1
dodo,stateUpdate-referenceOracle,write,2
dodo,stateUpdate-referenceOracle,write,4
dodo,stateUpdate-referenceOracle,read,4
dodo,stateUpdate-referenceOracle,read,0
dodo,stateUpdate-referenceOracle,read,1
dodo,stateUpdate-referenceOracle,read,2
dodo,stateUpdate-referenceOracle,read,3
dodo,stateUpdate-referenceOracle,read,0
dodo,stateUpdate-referenceOracle,read,1
dodo,stateUpdate-referenceOracle,write,0
dodo,stateUpdate-referenceOracle,write,1
dodo,stateUpdate-referenceOracle,read,4
dodo,stateUpdate-referenceOracle,read,0
dodo,stateUpdate-referenceOracle,read,1
dodo,stateUpdate-referenceOracle,read,2
dodo,stateUpdate-referenceOracle,read,3
dodo,stateUpdate-referenceOracle,read,0
dodo,stateUpdate-referenceOracle,read,1
dodo,stateUpdate-referenceOracle,read,3
dodo,stateUpdate-referenceOracle,read,4
dodo,stateUpdate-referenceOracle,write,0
dodo,stateUpdate-referenceOracle,write,1
dodo,stateUpdate-referenceOracle,write,3
dodo,stateUpdate-referenceOracle,write,4
dodo,stateUpdate-referenceOracle,read,4
dodo,stateUpdate-referenceOracle,read,0
dodo,stateUpdate-referenceOracle,read,1
dodo,stateUpdate-referenceOracle,read,2
dodo,stateUpdate-referenceOracle,read,3
dodo,stateUpdate-referenceOracle,read,0
dodo,stateUpdate-referenceOracle,read,1
dodo,stateUpdate-referenceOracle,write,0
dodo,stateUpdate-referenceOracle,write,1
flashbots,stateUpdate-algorithmOracle,read,0
flashbots,stateUpdate-algorithmOracle,read,2
flashbots,stateUpdate-algorithmOracle,read,3
flashbots,stateUpdate-algorithmOracle,read,0
flashbots,stateUpdate-algorithmOracle,read,0
flashbots,stateUpdate-algorithmOracle,read,1
flashbots,stateUpdate-algorithmOracle,read,1
flashbots,stateUpdate-algorithmOracle,write,0
flashbots,stateUpdate-algorithmOracle,write,1
flashbots,stateUpdate-algorithmOracle,read,0
flashbots,stateUpdate-algorithmOracle,read,2
flashbots,stateUpdate-algorithmOracle,read,3
flashbots,stateUpdate-algorithmOracle,read,0
flashbots,stateUpdate-algorithmOracle,read,0
flashbots,stateUpdate-algorithmOracle,read,1
flashbots,stateUpdate-algorithmOracle,read,1
flashbots,stateUpdate-algorithmOracle,write,0
flashbots,stateUpdate-algorithmOracle,write,1
flashbots,stateUpdate-algorithmOracle,read,0
flashbots,stateUpdate-algorithmOracle,read,2
flashbots,stateUpdate-algorithmOracle,read,3
flashbots,stateUpdate-algorithmOracle,read,1
flashbots,stateUpdate-algorithmOracle,read,1
flashbots,stateUpdate-algorithmOracle,read,0
flashbots,stateUpdate-algorithmOracle,read,0
flashbots,stateUpdate-algorithmOracle,write,1
flashbots,stateUpdate-algorithmOracle,write,0
flashbots,stateUpdate-algorithmOracle,read,0
flashbots,stateUpdate-algorithmOracle,read,2
flashbots,stateUpdate-algorithmOracle,read,3
flashbots,stateUpdate-algorithmOracle,read,1
flashbots,stateUpdate-algorithmOracle,read,1
flashbots,stateUpdate-algorithmOracle,read,0
flashbots,stateUpdate-algorithmOracle,read,0
flashbots,stateUpdate-algorithmOracle,write,1
flashbots,stateUpdate-algorithmOracle,write,0
flashbots,stateUpdate-referenceOracle,read,2
flashbots,stateUpdate-referenceOracle,read,1
flashbots,stateUpdate-referenceOracle,read,0
flashbots,stateUpdate-referenceOracle,read,4
flashbots,stateUpdate-referenceOracle,read,4
flashbots,stateUpdate-referenceOracle,read,4
flashbots,stateUpdate-referenceOracle,read,5
flashbots,stateUpdate-referenceOracle,read,3
flashbots,stateUpdate-referenceOracle,read,0
flashbots,stateUpdate-referenceOracle,read,2
flashbots,stateUpdate-referenceOracle,read,3
flashbots,stateUpdate-referenceOracle,read,0
flashbots,stateUpdate-referenceOracle,read,0
flashbots,stateUpdate-referenceOracle,read,1
flashbots,stateUpdate-referenceOracle,read,1
flashbots,stateUpdate-referenceOracle,write,4
flashbots,stateUpdate-referenceOracle,write,3
flashbots,stateUpdate-referenceOracle,write,0
flashbots,stateUpdate-referenceOracle,write,1
flashbots,stateUpdate-referenceOracle,read,2
flashbots,stateUpdate-referenceOracle,read,1
flashbots,stateUpdate-referenceOracle,read,0
flashbots,stateUpdate-referenceOracle,read,4
flashbots,stateUpdate-referenceOracle,read,4
flashbots,stateUpdate-referenceOracle,read,4
flashbots,stateUpdate-referenceOracle,read,5
flashbots,stateUpdate-referenceOracle,read,3
flashbots,stateUpdate-referenceOracle,read,0
flashbots,stateUpdate-referenceOracle,read,2
flashbots,stateUpdate-referenceOracle,read,3
flashbots,stateUpdate-referenceOracle,read,0
flashbots,stateUpdate-referenceOracle,read,0
flashbots,stateUpdate-referenceOracle,read,1
flashbots,stateUpdate-referenceOracle,read,1
flashbots,stateUpdate-referenceOracle,write,4
flashbots,stateUpdate-referenceOracle,write,3
flashbots,stateUpdate-referenceOracle,write,0
flashbots,stateUpdate-referenceOracle,write,1
flashbots,stateUpdate-referenceOracle,read,2
flashbots,stateUpdate-referenceOracle,read,1
flashbots,stateUpdate-referenceOracle,read,0
flashbots,stateUpdate-referenceOracle,read,4
flashbots,stateUpdate-referenceOracle,read,4
flashbots,stateUpdate-referenceOracle,read,4
flashbots,stateUpdate-referenceOracle,read,5
flashbots,stateUpdate-referenceOracle,read,3
flashbots,stateUpdate-referenceOracle,read,0
flashbots,stateUpdate-referenceOracle,read,2
flashbots,stateUpdate-referenceOracle,read,3
flashbots,stateUpdate-referenceOracle,read,1
flashbots,stateUpdate-referenceOracle,read,1
flashbots,stateUpdate-referenceOracle,read,0
flashbots,stateUpdate-referenceOracle,read,0
flashbots,stateUpdate-referenceOracle,write,4
flashbots,stateUpdate-referenceOracle,write,3
flashbots,stateUpdate-referenceOracle,write,1
flashbots,stateUpdate-referenceOracle,write,0
flashbots,stateUpdate-referenceOracle,read,2
flashbots,stateUpdate-referenceOracle,read,1
flashbots,stateUpdate-referenceOracle,read,0
flashbots,stateUpdate-referenceOracle,read,4
flashbots,stateUpdate-referenceOracle,read,4
flashbots,stateUpdate-referenceOracle,read,4
flashbots,stateUpdate-referenceOracle,read,5
flashbots,stateUpdate-referenceOracle,read,3
flashbots,stateUpdate-referenceOracle,read,0
flashbots,stateUpdate-referenceOracle,read,2
flashbots,stateUpdate-referenceOracle,read,3
flashbots,stateUpdate-referenceOracle,read,1
flashbots,stateUpdate-referenceOracle,read,1
flashbots,stateUpdate-referenceOracle,read,0
flashbots,stateUpdate-referenceOracle,read,0
flashbots,stateUpdate-referenceOracle,write,4
flashbots,stateUpdate-referenceOracle,write,3
flashbots,stateUpdate-referenceOracle,write,1
flashbots,stateUpdate-referenceOracle,write,0
univ2-canonical-30bps,stateUpdate-algorithmOracle,read,0
univ2-canonical-30bps,stateUpdate-algorithmOracle,read,1
univ2-canonical-30bps,stateUpdate-algorithmOracle,read,0
univ2-canonical-30bps,stateUpdate-algorithmOracle,read,0
univ2-canonical-30bps,stateUpdate-algorithmOracle,read,1
univ2-canonical-30bps,stateUpdate-algorithmOracle,read,1
univ2-canonical-30bps,stateUpdate-algorithmOracle,write,0
univ2-canonical-30bps,stateUpdate-algorithmOracle,write,1
univ2-canonical-30bps,stateUpdate-algorithmOracle,read,0
univ2-canonical-30bps,stateUpdate-algorithmOracle,read,1
univ2-canonical-30bps,stateUpdate-algorithmOracle,read,0
univ2-canonical-30bps,stateUpdate-algorithmOracle,read,0
univ2-canonical-30bps,stateUpdate-algorithmOracle,read,1
univ2-canonical-30bps,stateUpdate-algorithmOracle,read,1
univ2-canonical-30bps,stateUpdate-algorithmOracle,write,0
univ2-canonical-30bps,stateUpdate-algorithmOracle,write,1
univ2-canonical-30bps,stateUpdate-algorithmOracle,read,1
univ2-canonical-30bps,stateUpdate-algorithmOracle,read,0
univ2-canonical-30bps,stateUpdate-algorithmOracle,read,1
univ2-canonical-30bps,stateUpdate-algorithmOracle,read,1
univ2-canonical-30bps,stateUpdate-algorithmOracle,read,0
univ2-canonical-30bps,stateUpdate-algorithmOracle,read,0
univ2-canonical-30bps,stateUpdate-algorithmOracle,write,1
univ2-canonical-30bps,stateUpdate-algorithmOracle,write,0
univ2-canonical-30bps,stateUpdate-algorithmOracle,read,1
univ2-canonical-30bps,stateUpdate-algorithmOracle,read,0
univ2-canonical-30bps,stateUpdate-algorithmOracle,read,1
univ2-canonical-30bps,stateUpdate-algorithmOracle,read,1
univ2-canonical-30bps,stateUpdate-algorithmOracle,read,0
univ2-canonical-30bps,stateUpdate-algorithmOracle,read,0
univ2-canonical-30bps,stateUpdate-algorithmOracle,write,1
univ2-canonical-30bps,stateUpdate-algorithmOracle,write,0
univ2-canonical-30bps,stateUpdate-referenceOracle,read,0
univ2-canonical-30bps,stateUpdate-referenceOracle,read,1
univ2-canonical-30bps,stateUpdate-referenceOracle,read,4
univ2-canonical-30bps,stateUpdate-referenceOracle,read,2
univ2-canonical-30bps,stateUpdate-referenceOracle,read,2
univ2-canonical-30bps,stateUpdate-referenceOracle,read,3
univ2-canonical-30bps,stateUpdate-referenceOracle,read,3
univ2-canonical-30bps,stateUpdate-referenceOracle,read,4
univ2-canonical-30bps,stateUpdate-referenceOracle,read,0
univ2-canonical-30bps,stateUpdate-referenceOracle,read,1
univ2-canonical-30bps,stateUpdate-referenceOracle,read,0
univ2-canonical-30bps,stateUpdate-referenceOracle,read,0
univ2-canonical-30bps,stateUpdate-referenceOracle,read,1
univ2-canonical-30bps,stateUpdate-referenceOracle,read,1
univ2-canonical-30bps,stateUpdate-referenceOracle,write,2
univ2-canonical-30bps,stateUpdate-referenceOracle,write,3
univ2-canonical-30bps,stateUpdate-referenceOracle,write,4
univ2-canonical-30bps,stateUpdate-referenceOracle,write,0
univ2-canonical-30bps,stateUpdate-referenceOracle,write,1
univ2-canonical-30bps,stateUpdate-referenceOracle,read,0
univ2-canonical-30bps,stateUpdate-referenceOracle,read,1
univ2-canonical-30bps,stateUpdate-referenceOracle,read,4
univ2-canonical-30bps,stateUpdate-referenceOracle,read,2
univ2-canonical-30bps,stateUpdate-referenceOracle,read,2
univ2-canonical-30bps,stateUpdate-referenceOracle,read,3
univ2-canonical-30bps,stateUpdate-referenceOracle,read,3
univ2-canonical-30bps,stateUpdate-referenceOracle,read,4
univ2-canonical-30bps,stateUpdate-referenceOracle,read,0
univ2-canonical-30bps,stateUpdate-referenceOracle,read,1
univ2-canonical-30bps,stateUpdate-referenceOracle,read,0
univ2-canonical-30bps,stateUpdate-referenceOracle,read,0
univ2-canonical-30bps,stateUpdate-referenceOracle,read,1
univ2-canonical-30bps,stateUpdate-referenceOracle,read,1
univ2-canonical-30bps,stateUpdate-referenceOracle,write,2
univ2-canonical-30bps,stateUpdate-referenceOracle,write,3
univ2-canonical-30bps,stateUpdate-referenceOracle,write,4
univ2-canonical-30bps,stateUpdate-referenceOracle,write,0
univ2-canonical-30bps,stateUpdate-referenceOracle,write,1
univ2-canonical-30bps,stateUpdate-referenceOracle,read,0
univ2-canonical-30bps,stateUpdate-referenceOracle,read,1
univ2-canonical-30bps,stateUpdate-referenceOracle,read,4
univ2-canonical-30bps,stateUpdate-referenceOracle,read,2
univ2-canonical-30bps,stateUpdate-referenceOracle,read,2
univ2-canonical-30bps,stateUpdate-referenceOracle,read,3
univ2-canonical-30bps,stateUpdate-referenceOracle,read,3
univ2-canonical-30bps,stateUpdate-referenceOracle,read,4
univ2-canonical-30bps,stateUpdate-referenceOracle,read,1
univ2-canonical-30bps,stateUpdate-referenceOracle,read,0
univ2-canonical-30bps,stateUpdate-referenceOracle,read,1
univ2-canonical-30bps,stateUpdate-referenceOracle,read,1
univ2-canonical-30bps,stateUpdate-referenceOracle,read,0
univ2-canonical-30bps,stateUpdate-referenceOracle,read,0
univ2-canonical-30bps,stateUpdate-referenceOracle,write,2
univ2-canonical-30bps,stateUpdate-referenceOracle,write,3
univ2-canonical-30bps,stateUpdate-referenceOracle,write,4
univ2-canonical-30bps,stateUpdate-referenceOracle,write,1
univ2-canonical-30bps,stateUpdate-referenceOracle,write,0
univ2-canonical-30bps,stateUpdate-referenceOracle,read,0
univ2-canonical-30bps,stateUpdate-referenceOracle,read,1
univ2-canonical-30bps,stateUpdate-referenceOracle,read,4
univ2-canonical-30bps,stateUpdate-referenceOracle,read,2
univ2-canonical-30bps,stateUpdate-referenceOracle,read,2
univ2-canonical-30bps,stateUpdate-referenceOracle,read,3
univ2-canonical-30bps,stateUpdate-referenceOracle,read,3
univ2-canonical-30bps,stateUpdate-referenceOracle,read,4
univ2-canonical-30bps,stateUpdate-referenceOracle,read,1
univ2-canonical-30bps,stateUpdate-referenceOracle,read,0
univ2-canonical-30bps,stateUpdate-referenceOracle,read,1
univ2-canonical-30bps,stateUpdate-referenceOracle,read,1
univ2-canonical-30bps,stateUpdate-referenceOracle,read,0
univ2-canonical-30bps,stateUpdate-referenceOracle,read,0
univ2-canonical-30bps,stateUpdate-referenceOracle,write,2
univ2-canonical-30bps,stateUpdate-referenceOracle,write,3
univ2-canonical-30bps,stateUpdate-referenceOracle,write,4
univ2-canonical-30bps,stateUpdate-referenceOracle,write,1
univ2-canonical-30bps,stateUpdate-referenceOracle,write,0
univ2-modified-zero-fee,stateUpdate-algorithmOracle,read,0
univ2-modified-zero-fee,stateUpdate-algorithmOracle,read,1
univ2-modified-zero-fee,stateUpdate-algorithmOracle,read,0
univ2-modified-zero-fee,stateUpdate-algorithmOracle,read,0
univ2-modified-zero-fee,stateUpdate-algorithmOracle,read,1
univ2-modified-zero-fee,stateUpdate-algorithmOracle,read,1
univ2-modified-zero-fee,stateUpdate-algorithmOracle,write,0
univ2-modified-zero-fee,stateUpdate-algorithmOracle,write,1
univ2-modified-zero-fee,stateUpdate-algorithmOracle,read,0
univ2-modified-zero-fee,stateUpdate-algorithmOracle,read,1
univ2-modified-zero-fee,stateUpdate-algorithmOracle,read,0
univ2-modified-zero-fee,stateUpdate-algorithmOracle,read,0
univ2-modified-zero-fee,stateUpdate-algorithmOracle,read,1
univ2-modified-zero-fee,stateUpdate-algorithmOracle,read,1
univ2-modified-zero-fee,stateUpdate-algorithmOracle,write,0
univ2-modified-zero-fee,stateUpdate-algorithmOracle,write,1
univ2-modified-zero-fee,stateUpdate-algorithmOracle,read,1
univ2-modified-zero-fee,stateUpdate-algorithmOracle,read,0
univ2-modified-zero-fee,stateUpdate-algorithmOracle,read,1
univ2-modified-zero-fee,stateUpdate-algorithmOracle,read,1
univ2-modified-zero-fee,stateUpdate-algorithmOracle,read,0
univ2-modified-zero-fee,stateUpdate-algorithmOracle,read,0
univ2-modified-zero-fee,stateUpdate-algorithmOracle,write,1
univ2-modified-zero-fee,stateUpdate-algorithmOracle,write,0
univ2-modified-zero-fee,stateUpdate-algorithmOracle,read,1
univ2-modified-zero-fee,stateUpdate-algorithmOracle,read,0
univ2-modified-zero-fee,stateUpdate-algorithmOracle,read,1
univ2-modified-zero-fee,stateUpdate-algorithmOracle,read,1
univ2-modified-zero-fee,stateUpdate-algorithmOracle,read,0
univ2-modified-zero-fee,stateUpdate-algorithmOracle,read,0
univ2-modified-zero-fee,stateUpdate-algorithmOracle,write,1
univ2-modified-zero-fee,stateUpdate-algorithmOracle,write,0
univ2-modified-zero-fee,stateUpdate-referenceOracle,read,0
univ2-modified-zero-fee,stateUpdate-referenceOracle,read,1
univ2-modified-zero-fee,stateUpdate-referenceOracle,read,4
univ2-modified-zero-fee,stateUpdate-referenceOracle,read,2
univ2-modified-zero-fee,stateUpdate-referenceOracle,read,2
univ2-modified-zero-fee,stateUpdate-referenceOracle,read,3
univ2-modified-zero-fee,stateUpdate-referenceOracle,read,3
univ2-modified-zero-fee,stateUpdate-referenceOracle,read,4
univ2-modified-zero-fee,stateUpdate-referenceOracle,read,0
univ2-modified-zero-fee,stateUpdate-referenceOracle,read,1
univ2-modified-zero-fee,stateUpdate-referenceOracle,read,0
univ2-modified-zero-fee,stateUpdate-referenceOracle,read,0
univ2-modified-zero-fee,stateUpdate-referenceOracle,read,1
univ2-modified-zero-fee,stateUpdate-referenceOracle,read,1
univ2-modified-zero-fee,stateUpdate-referenceOracle,write,2
univ2-modified-zero-fee,stateUpdate-referenceOracle,write,3
univ2-modified-zero-fee,stateUpdate-referenceOracle,write,4
univ2-modified-zero-fee,stateUpdate-referenceOracle,write,0
univ2-modified-zero-fee,stateUpdate-referenceOracle,write,1
univ2-modified-zero-fee,stateUpdate-referenceOracle,read,0
univ2-modified-zero-fee,stateUpdate-referenceOracle,read,1
univ2-modified-zero-fee,stateUpdate-referenceOracle,read,4
univ2-modified-zero-fee,stateUpdate-referenceOracle,read,2
univ2-modified-zero-fee,stateUpdate-referenceOracle,read,2
univ2-modified-zero-fee,stateUpdate-referenceOracle,read,3
univ2-modified-zero-fee,stateUpdate-referenceOracle,read,3
univ2-modified-zero-fee,stateUpdate-referenceOracle,read,4
univ2-modified-zero-fee,stateUpdate-referenceOracle,read,0
univ2-modified-zero-fee,stateUpdate-referenceOracle,read,1
univ2-modified-zero-fee,stateUpdate-referenceOracle,read,0
univ2-modified-zero-fee,stateUpdate-referenceOracle,read,0
univ2-modified-zero-fee,stateUpdate-referenceOracle,read,1
univ2-modified-zero-fee,stateUpdate-referenceOracle,read,1
univ2-modified-zero-fee,stateUpdate-referenceOracle,write,2
univ2-modified-zero-fee,stateUpdate-referenceOracle,write,3
univ2-modified-zero-fee,stateUpdate-referenceOracle,write,4
univ2-modified-zero-fee,stateUpdate-referenceOracle,write,0
univ2-modified-zero-fee,stateUpdate-referenceOracle,write,1
univ2-modified-zero-fee,stateUpdate-referenceOracle,read,0
univ2-modified-zero-fee,stateUpdate-referenceOracle,read,1
univ2-modified-zero-fee,stateUpdate-referenceOracle,read,4
univ2-modified-zero-fee,stateUpdate-referenceOracle,read,2
univ2-modified-zero-fee,stateUpdate-referenceOracle,read,2
univ2-modified-zero-fee,stateUpdate-referenceOracle,read,3
univ2-modified-zero-fee,stateUpdate-referenceOracle,read,3
univ2-modified-zero-fee,stateUpdate-referenceOracle,read,4
univ2-modified-zero-fee,stateUpdate-referenceOracle,read,1
univ2-modified-zero-fee,stateUpdate-referenceOracle,read,0
univ2-modified-zero-fee,stateUpdate-referenceOracle,read,1
univ2-modified-zero-fee,stateUpdate-referenceOracle,read,1
univ2-modified-zero-fee,stateUpdate-referenceOracle,read,0
univ2-modified-zero-fee,stateUpdate-referenceOracle,read,0
univ2-modified-zero-fee,stateUpdate-referenceOracle,write,2
univ2-modified-zero-fee,stateUpdate-referenceOracle,write,3
univ2-modified-zero-fee,stateUpdate-referenceOracle,write,4
univ2-modified-zero-fee,stateUpdate-referenceOracle,write,1
univ2-modified-zero-fee,stateUpdate-referenceOracle,write,0
univ2-modified-zero-fee,stateUpdate-referenceOracle,read,0
univ2-modified-zero-fee,stateUpdate-referenceOracle,read,1
univ2-modified-zero-fee,stateUpdate-referenceOracle,read,4
univ2-modified-zero-fee,stateUpdate-referenceOracle,read,2
univ2-modified-zero-fee,stateUpdate-referenceOracle,read,2
univ2-modified-zero-fee,stateUpdate-referenceOracle,read,3
univ2-modified-zero-fee,stateUpdate-referenceOracle,read,3
univ2-modified-zero-fee,stateUpdate-referenceOracle,read,4
univ2-modified-zero-fee,stateUpdate-referenceOracle,read,1
univ2-modified-zero-fee,stateUpdate-referenceOracle,read,0
univ2-modified-zero-fee,stateUpdate-referenceOracle,read,1
univ2-modified-zero-fee,stateUpdate-referenceOracle,read,1
univ2-modified-zero-fee,stateUpdate-referenceOracle,read,0
univ2-modified-zero-fee,stateUpdate-referenceOracle,read,0
univ2-modified-zero-fee,stateUpdate-referenceOracle,write,2
univ2-modified-zero-fee,stateUpdate-referenceOracle,write,3
univ2-modified-zero-fee,stateUpdate-referenceOracle,write,4
univ2-modified-zero-fee,stateUpdate-referenceOracle,write,1
univ2-modified-zero-fee,stateUpdate-referenceOracle,write,0
univ3-zero-fee,stateUpdate-algorithmOracle,read,0
univ3-zero-fee,stateUpdate-algorithmOracle,read,1
univ3-zero-fee,stateUpdate-algorithmOracle,read,2
univ3-zero-fee,stateUpdate-algorithmOracle,read,3
univ3-zero-fee,stateUpdate-algorithmOracle,read,4
univ3-zero-fee,stateUpdate-algorithmOracle,read,87214663112488652540345587720697105786295585912232188606443429434514637159306
univ3-zero-fee,stateUpdate-algorithmOracle,read,42010133410213879551434467246793816576746766799389982498657212757972998575863
univ3-zero-fee,stateUpdate-algorithmOracle,read,87214663112488652540345587720697105786295585912232188606443429434514637159306
univ3-zero-fee,stateUpdate-algorithmOracle,read,89977582082365990761905603559895644972389877166217420009091469536127124549891
univ3-zero-fee,stateUpdate-algorithmOracle,read,87214663112488652540345587720697105786295585912232188606443429434514637159306
univ3-zero-fee,stateUpdate-algorithmOracle,read,42337663880217334971094474961018501660298987471877084567620014164098023629263
univ3-zero-fee,stateUpdate-algorithmOracle,read,87214663112488652540345587720697105786295585912232188606443429434514637159306
univ3-zero-fee,stateUpdate-algorithmOracle,read,0
univ3-zero-fee,stateUpdate-algorithmOracle,read,1
univ3-zero-fee,stateUpdate-algorithmOracle,read,2
univ3-zero-fee,stateUpdate-algorithmOracle,write,0
univ3-zero-fee,stateUpdate-algorithmOracle,write,1
univ3-zero-fee,stateUpdate-algorithmOracle,write,2
univ3-zero-fee,stateUpdate-algorithmOracle,read,0
univ3-zero-fee,stateUpdate-algorithmOracle,read,1
univ3-zero-fee,stateUpdate-algorithmOracle,read,2
univ3-zero-fee,stateUpdate-algorithmOracle,read,3
univ3-zero-fee,stateUpdate-algorithmOracle,read,4
univ3-zero-fee,stateUpdate-algorithmOracle,read,87214663112488652540345587720697105786295585912232188606443429434514637159306
univ3-zero-fee,stateUpdate-algorithmOracle,read,97990199223320996632221540329236197106322482677169358172585575100335068462628
univ3-zero-fee,stateUpdate-algorithmOracle,read,111308063231050188733406670924939129324804764022216734745444922393263794656650
univ3-zero-fee,stateUpdate-algorithmOracle,read,97990199223320996632221540329236197106322482677169358172585575100335068462628
univ3-zero-fee,stateUpdate-algorithmOracle,read,113067592343615967384260750668492760844444602243536948093650323797133870572989
univ3-zero-fee,stateUpdate-algorithmOracle,read,97990199223320996632221540329236197106322482677169358172585575100335068462628
univ3-zero-fee,stateUpdate-algorithmOracle,read,0
univ3-zero-fee,stateUpdate-algorithmOracle,read,1
univ3-zero-fee,stateUpdate-algorithmOracle,read,2
univ3-zero-fee,stateUpdate-algorithmOracle,write,0
univ3-zero-fee,stateUpdate-algorithmOracle,write,1
univ3-zero-fee,stateUpdate-algorithmOracle,write,2
univ3-zero-fee,stateUpdate-referenceOracle,read,8
univ3-zero-fee,stateUpdate-referenceOracle,read,2
univ3-zero-fee,stateUpdate-referenceOracle,read,1
univ3-zero-fee,stateUpdate-referenceOracle,read,9
univ3-zero-fee,stateUpdate-referenceOracle,read,8
univ3-zero-fee,stateUpdate-referenceOracle,read,8
univ3-zero-fee,stateUpdate-referenceOracle,read,0
univ3-zero-fee,stateUpdate-referenceOracle,read,1
univ3-zero-fee,stateUpdate-referenceOracle,read,2
univ3-zero-fee,stateUpdate-referenceOracle,read,3
univ3-zero-fee,stateUpdate-referenceOracle,read,4
univ3-zero-fee,stateUpdate-referenceOracle,read,87214663112488652540345587720697105786295585912232188606443429434514637159306
univ3-zero-fee,stateUpdate-referenceOracle,read,42010133410213879551434467246793816576746766799389982498657212757972998575863
univ3-zero-fee,stateUpdate-referenceOracle,read,87214663112488652540345587720697105786295585912232188606443429434514637159306
univ3-zero-fee,stateUpdate-referenceOracle,read,89977582082365990761905603559895644972389877166217420009091469536127124549891
univ3-zero-fee,stateUpdate-referenceOracle,read,87214663112488652540345587720697105786295585912232188606443429434514637159306
univ3-zero-fee,stateUpdate-referenceOracle,read,42337663880217334971094474961018501660298987471877084567620014164098023629263
univ3-zero-fee,stateUpdate-referenceOracle,read,87214663112488652540345587720697105786295585912232188606443429434514637159306
univ3-zero-fee,stateUpdate-referenceOracle,read,0
univ3-zero-fee,stateUpdate-referenceOracle,read,1
univ3-zero-fee,stateUpdate-referenceOracle,read,2
univ3-zero-fee,stateUpdate-referenceOracle,write,8
univ3-zero-fee,stateUpdate-referenceOracle,write,0
univ3-zero-fee,stateUpdate-referenceOracle,write,1
univ3-zero-fee,stateUpdate-referenceOracle,write,2
univ3-zero-fee,stateUpdate-referenceOracle,read,8
univ3-zero-fee,stateUpdate-referenceOracle,read,2
univ3-zero-fee,stateUpdate-referenceOracle,read,1
univ3-zero-fee,stateUpdate-referenceOracle,read,9
univ3-zero-fee,stateUpdate-referenceOracle,read,8
univ3-zero-fee,stateUpdate-referenceOracle,read,8
univ3-zero-fee,stateUpdate-referenceOracle,read,0
univ3-zero-fee,stateUpdate-referenceOracle,read,1
univ3-zero-fee,stateUpdate-referenceOracle,read,2
univ3-zero-fee,stateUpdate-referenceOracle,read,3
univ3-zero-fee,stateUpdate-referenceOracle,read,4
univ3-zero-fee,stateUpdate-referenceOracle,read,87214663112488652540345587720697105786295585912232188606443429434514637159306
univ3-zero-fee,stateUpdate-referenceOracle,read,97990199223320996632221540329236197106322482677169358172585575100335068462628
univ3-zero-fee,stateUpdate-referenceOracle,read,111308063231050188733406670924939129324804764022216734745444922393263794656650
univ3-zero-fee,stateUpdate-referenceOracle,read,97990199223320996632221540329236197106322482677169358172585575100335068462628
univ3-zero-fee,stateUpdate-referenceOracle,read,113067592343615967384260750668492760844444602243536948093650323797133870572989
univ3-zero-fee,stateUpdate-referenceOracle,read,97990199223320996632221540329236197106322482677169358172585575100335068462628
univ3-zero-fee,stateUpdate-referenceOracle,read,0
univ3-zero-fee,stateUpdate-referenceOracle,read,1
univ3-zero-fee,stateUpdate-referenceOracle,read,2
univ3-zero-fee,stateUpdate-referenceOracle,write,8
univ3-zero-fee,stateUpdate-referenceOracle,write,0
univ3-zero-fee,stateUpdate-referenceOracle,write,1
univ3-zero-fee,stateUpdate-referenceOracle,write,2
