treatment,baseline,metric,samples,mean,p5,p50,p95,std_error,ci95_low,ci95_high,t_stat,paired_win_rate,significant_95
dodo-k1000000000000000000,univ2-zero-fee,netEdge,1000,398.8822965220693,4.584565567030268,295.0644895831215,1099.3473718384253,11.725236871820746,375.9012545430995,421.86333850103904,34.01912480597325,0.999,true
dodo-k1000000000000000000,univ2-zero-fee,retailEdge,1000,11.397987567532356,-13.740493067324678,2.988666448619256,73.60893162050616,1.0840577795571067,9.273273362439966,13.522701772624746,10.514188249439083,0.658,true
dodo-k1000000000000000000,univ2-zero-fee,arbitrageEdge,1000,387.48430895453674,3.8345633258472844,279.45259113509303,1090.112179630377,11.506727260223444,364.93153794457356,410.0370799644999,33.674588802847175,0.987,true
flashbots-c1,univ2-zero-fee,netEdge,1000,398.90742101895154,4.605439604120647,295.2425688412409,1098.4659873702076,11.726544082352953,375.92381695441844,421.89102508348464,34.01747507343272,0.999,true
flashbots-c1,univ2-zero-fee,retailEdge,1000,64.47888724984766,-176.9099542664719,8.535630750875953,456.6128366657308,6.98569066607553,50.787185137202,78.17058936249332,9.230137767619055,0.561,true
flashbots-c1,univ2-zero-fee,arbitrageEdge,1000,334.42853376910375,-77.73696340227798,206.4812776358907,1178.76153143796,13.326303472957958,308.30945891505513,360.54760862315237,25.095371304408143,0.862,true
dodo-k500000000000000000,univ2-zero-fee,netEdge,1000,398.8214225498157,4.595178260911354,295.03943544598314,1099.2026640649178,11.72627412432895,375.838347593287,421.8044975063444,34.010924384103006,0.999,true
dodo-k500000000000000000,univ2-zero-fee,retailEdge,1000,-663.9764574154663,-1412.5325447988096,-578.3950621397448,-204.66708908856907,11.675297929664273,-686.8596208663832,-641.0932939645493,-56.87019392699636,0,true
dodo-k500000000000000000,univ2-zero-fee,arbitrageEdge,1000,1062.7978799652808,336.5421592445357,998.9482098442691,2056.901143478451,16.439353292741906,1030.5773395823767,1095.018420348185,64.64961613998003,1,true
flashbots-c2,univ2-zero-fee,netEdge,1000,398.8332494977678,4.608082846147113,295.1213391051492,1098.7441852285556,11.727202634832564,375.84835469409273,421.8181443014428,34.00924004784728,0.999,true
flashbots-c2,univ2-zero-fee,retailEdge,1000,-648.3942180919092,-1365.9058876769404,-562.942676500692,-196.16758242400047,11.38566844117606,-670.7097181765287,-626.0787180072898,-56.94827856983816,0,true
flashbots-c2,univ2-zero-fee,arbitrageEdge,1000,1047.227467589676,341.68797517545016,983.0633992222904,1995.7140526052203,16.188944645447332,1015.4977191368868,1078.9572160424655,64.68781569922646,1,true
dodo-k200000000000000000,univ2-zero-fee,netEdge,1000,398.7824459157213,4.605264821512634,294.98211334231996,1099.1252629685232,11.72720714031363,375.79754228146567,421.767349549977,34.00489486920211,0.999,true
dodo-k200000000000000000,univ2-zero-fee,retailEdge,1000,-1092.3169298651324,-2340.4255190383155,-957.2950461338314,-330.41846235643163,19.42204900226413,-1130.383446415542,-1054.2504133147227,-56.24107578648346,0,true
dodo-k200000000000000000,univ2-zero-fee,arbitrageEdge,1000,1491.099375780852,501.94845926405753,1374.5020011671872,2867.7319024490353,22.65438265007218,1446.6976016947215,1535.5011498669824,65.81946631752956,1,true
flashbots-c5,univ2-zero-fee,netEdge,1000,398.78696957489854,4.616550466121197,295.0415221687805,1098.9320518646994,11.727653752661961,375.8011905965251,421.772748553272,34.003985621112086,0.999,true
flashbots-c5,univ2-zero-fee,retailEdge,1000,-1089.7118461658958,-2282.0325052383573,-957.5282019338699,-334.45576390787414,19.253348583482886,-1127.4477159713176,-1051.975976360474,-56.59856213795146,0,true
flashbots-c5,univ2-zero-fee,arbitrageEdge,1000,1488.4988157407947,505.01732531222814,1372.678731653761,2847.7219433091595,22.493888548066938,1444.4116043143256,1532.5860271672639,66.17347696731218,1,true
dodo-k100000000000000000,univ2-zero-fee,netEdge,1000,398.76932924312825,4.613122286214875,294.98688263635506,1099.0983200468763,11.727556987446146,375.7837399210928,421.75491856516373,34.00276201343502,0.999,true
dodo-k100000000000000000,univ2-zero-fee,retailEdge,1000,-1239.845356920285,-2656.9979775595575,-1086.007116422503,-372.33744485813963,22.15179709261445,-1283.2620814146485,-1196.4286324259215,-55.97041864082699,0,true
dodo-k100000000000000000,univ2-zero-fee,arbitrageEdge,1000,1638.6146861634131,553.3912169338707,1492.4409970171678,3165.2961097155357,25.050497267119155,1589.5166137250405,1687.7127586017857,65.41246142503647,1,true
flashbots-c10,univ2-zero-fee,netEdge,1000,398.77115057502004,4.619768160150741,295.0098458838949,1098.9961492920959,11.727800230941966,375.7850845044933,421.7572166455468,34.00221207067671,0.999,true
flashbots-c10,univ2-zero-fee,retailEdge,1000,-1239.2567220275423,-2626.8331382287247,-1088.7050326247215,-374.3423926834364,22.07802876806376,-1282.5288632625866,-1195.984580792498,-56.130768514087094,0,true
flashbots-c10,univ2-zero-fee,arbitrageEdge,1000,1638.0278726025645,550.3834423916703,1496.4537593216376,3138.5164173589774,24.977447097041956,1589.0729758666077,1686.9827693385212,65.58027592806127,1,true
dodo-k50000000000000000,univ2-zero-fee,netEdge,1000,398.762467573398,4.618100687037227,294.98509024858765,1099.072937679109,11.72775866983489,375.77648296114427,421.74845218565173,34.00159218820385,0.999,true
dodo-k50000000000000000,univ2-zero-fee,retailEdge,1000,-1314.6726579579326,-2814.046817530159,-1149.596246949422,-394.6715125134391,23.550642984398536,-1360.8310700201146,-1268.5142458957507,-55.82321717622982,0,true
dodo-k50000000000000000,univ2-zero-fee,arbitrageEdge,1000,1713.4351255313293,581.5117569107113,1556.038331122719,3328.4328436562,26.303021013413744,1661.882151660438,1764.9880994022205,65.14214183448848,1,true
flashbots-c20,univ2-zero-fee,netEdge,1000,398.76355306612516,4.621730470537187,294.99490612884813,1099.0303328625027,11.727872972004526,375.7773444257356,421.74976170651473,34.00135335861918,0.999,true
flashbots-c20,univ2-zero-fee,retailEdge,1000,-1314.61211569012,-2811.1613301046373,-1152.184696493956,-394.53362240778614,23.519730200336625,-1360.7099398088787,-1268.5142915713611,-55.894013430107485,0,true
flashbots-c20,univ2-zero-fee,arbitrageEdge,1000,1713.375668756244,581.8624371776162,1556.3894382458088,3308.2968943848855,26.271239264184494,1661.884985969208,1764.8663515432802,65.21868464317495,1,true
dodo-k20000000000000000,univ2-zero-fee,netEdge,1000,398.7581481938546,4.621172741759796,294.98201916571907,1099.0570878836318,11.727870961465934,375.77194349404823,421.74435289366096,34.00089833048534,0.999,true
dodo-k20000000000000000,univ2-zero-fee,retailEdge,1000,-1359.8944981637378,-2909.7548090140062,-1187.3746154529197,-407.348159101421,24.403529333608468,-1407.724536753277,-1312.0644595741985,-55.725320693302145,0,true
dodo-k20000000000000000,univ2-zero-fee,arbitrageEdge,1000,1758.6526463575922,596.1882767627619,1591.5791302556563,3415.278054743785,27.074172941686154,1705.5882424806784,1811.717050234506,64.95683728346846,1,true
flashbots-c50,univ2-zero-fee,netEdge,1000,398.7588504693516,4.622543027920102,294.9852335387166,1099.041431993072,11.727923550319955,375.77254269728536,421.74515824141787,34.000805748641916,0.999,true
flashbots-c50,univ2-zero-fee,retailEdge,1000,-1359.9324563509085,-2909.2335336996953,-1187.3460309703887,-407.49716115794075,24.39367946539672,-1407.7431895535003,-1312.1217231483167,-55.749377959976066,0,true
flashbots-c50,univ2-zero-fee,arbitrageEdge,1000,1758.6913068202593,596.0458696739694,1592.8380826144478,3416.434391303871,27.06355408365188,1705.6477155226498,1811.7348981178689,64.98375273935737,1,true
dodo-k10000000000000000,univ2-zero-fee,netEdge,1000,398.756977352545,4.627134980698285,294.9788392878673,1099.0539433369615,11.727918604289913,375.7706792745195,421.74327543057046,34.00066037350269,0.999,true
dodo-k10000000000000000,univ2-zero-fee,retailEdge,1000,-1375.0498875837934,-2942.3796664447864,-1199.9642082391292,-411.75112394003986,24.69070459266769,-1423.4427793383397,-1326.656995829247,-55.69099425344618,0,true
dodo-k10000000000000000,univ2-zero-fee,arbitrageEdge,1000,1773.8068649363374,601.9761290571412,1602.1893095567432,3447.534791425659,27.334832806229237,1720.2315771127041,1827.3821527599707,64.89181322272843,1,true
flashbots-c100,univ2-zero-fee,netEdge,1000,398.7572564447332,4.628075939022848,294.9811326048637,1099.0486406716186,11.727942655325263,375.7709112275446,421.74360166192173,34.00061444397249,0.999,true
flashbots-c100,univ2-zero-fee,retailEdge,1000,-1375.0889638986412,-2941.7865033719436,-1200.0979347438986,-411.66243529099444,24.68597516931391,-1423.4725861537465,-1326.7053416435358,-55.70324665998838,0,true
flashbots-c100,univ2-zero-fee,arbitrageEdge,1000,1773.8462203433767,602.2992238057029,1601.828475796666,3444.3144723547903,27.329533753472415,1720.281318472299,1827.4111222144543,64.90583543592275,1,true
dodo-k1000000000000000,univ2-zero-fee,netEdge,1000,398.75541214860334,4.62493718338874,294.9795308526843,1099.0481557865241,11.727939021690448,375.76907405320816,421.7417502439985,34.00046772166175,0.999,true
dodo-k1000000000000000,univ2-zero-fee,retailEdge,1000,-1388.7059824652488,-2971.538865987454,-1211.6505404160873,-415.5349538978873,24.950506795444905,-1437.6080771803427,-1339.803887750155,-55.658427856815244,0,true
dodo-k1000000000000000,univ2-zero-fee,arbitrageEdge,1000,1787.4613946138509,606.7208435567773,1612.3116094241293,3477.446090753807,27.571140326229237,1733.4229525617416,1841.4998366659602,64.83088379603169,1,true
flashbots-c1000,univ2-zero-fee,netEdge,1000,398.75583181471796,4.625197624568446,294.98026871985405,1099.0498251365868,11.727949876023402,375.7694724452211,421.74219118421485,34.000472037310935,0.999,true
flashbots-c1000,univ2-zero-fee,retailEdge,1000,-1388.727180182273,-2971.543179950622,-1211.723913282276,-415.56055592220326,24.95009995214239,-1437.6284774991466,-1339.8258828653995,-55.66018504318766,0,true
flashbots-c1000,univ2-zero-fee,arbitrageEdge,1000,1787.4830119969924,606.7266479803629,1612.299768388308,3477.263541289174,27.57060498218659,1733.445619199926,1841.5204047940588,64.8329267040708,1,true
univ3-full-range-zero-fee,univ2-zero-fee,netEdge,1000,-0.0018624455490833327,-0.16165104406866249,-0.0010011533763645275,0.14821919512701243,0.002810985962507783,-0.007371876796646246,0.0036469856984795808,-0.6625595338874539,0.486,false
univ3-full-range-zero-fee,univ2-zero-fee,retailEdge,1000,0.0015144751235679906,-0.262449936826215,0.0022677434019442444,0.2851676492932711,0.005920443986202634,-0.010089381861875926,0.013118332109011907,0.25580431587519725,0.519,false
univ3-full-range-zero-fee,univ2-zero-fee,arbitrageEdge,1000,-0.003376920672652318,-0.33890639899072994,-0.004786395036603608,0.29274244179896414,0.006576043624081626,-0.01626572933661656,0.009511887991311923,-0.5135185935029316,0.492,false
univ3-conc-c2,univ2-zero-fee,netEdge,1000,-397.72245883614227,-1114.147261848132,-292.60329292138647,-4.917078729424702,11.69308383836255,-420.64048202754026,-374.8044356447443,-34.01347876522517,0,true
univ3-conc-c2,univ2-zero-fee,retailEdge,1000,-673.5173936376724,-1462.0033722877968,-592.5052231682247,-205.2512238974358,13.78240173150975,-700.530404651894,-646.5043826234509,-48.867926415020705,0.002,true
univ3-conc-c2,univ2-zero-fee,arbitrageEdge,1000,275.7949348015305,-604.0569666409747,278.2877554970769,1206.6643302297018,18.093965433725234,240.33141421391636,311.2584553891446,15.242371044186806,0.713,true
univ3-conc-c5,univ2-zero-fee,netEdge,1000,-1174.2756908560145,-3466.226002703118,-840.5296551877186,-14.614848699116123,35.46540035655798,-1243.786598252162,-1104.764783459867,-33.110459181349036,0.009,true
univ3-conc-c5,univ2-zero-fee,retailEdge,1000,349.1622618241643,-2169.7153420774935,-691.0999598060596,7295.064471009025,119.73791731593732,114.48025630109225,583.8442673472364,2.9160542428917813,0.224,true
univ3-conc-c5,univ2-zero-fee,arbitrageEdge,1000,-1523.437952680177,-8481.353093227472,-380.6679338331628,1667.6927684141356,122.12545552431334,-1762.7994471033794,-1284.0764582569745,-12.474368641162476,0.434,true
univ3-conc-c10,univ2-zero-fee,netEdge,1000,-1662.1655591609772,-5234.487500004808,-1099.1179705931927,-13.776690169395863,54.852647215755674,-1769.6747721605395,-1554.6563461614148,-30.302376339706406,0.025,true
univ3-conc-c10,univ2-zero-fee,retailEdge,1000,3017.1434495869994,-2226.663035335107,-44.70004133556745,18158.115232361743,217.6937073051377,2590.4716236079253,3443.8152755660735,13.859580448772086,0.495,true
univ3-conc-c10,univ2-zero-fee,arbitrageEdge,1000,-4679.309008747979,-19383.00322291843,-2700.2500532504255,1672.2920330042384,218.5505845428211,-5107.660283252084,-4250.957734243873,-21.410645130675235,0.296,true
univ3-conc-c20,univ2-zero-fee,netEdge,1000,-2005.3648990626614,-6528.834593115016,-1291.2006993747896,-14.292132733610885,68.59476731135405,-2139.808172520821,-1870.921625604502,-29.2349544675943,0.037,true
univ3-conc-c20,univ2-zero-fee,retailEdge,1000,5554.460001474585,-1871.83107176928,2399.703080036445,23884.251645998374,268.63288653838777,5027.94921879631,6080.97078415286,20.67676848151222,0.675,true
univ3-conc-c20,univ2-zero-fee,arbitrageEdge,1000,-7559.824900537232,-25331.57799214746,-5654.222636112441,1330.740628137749,270.38050171725195,-8089.760946024916,-7029.888855049548,-27.959948489343557,0.203,true
univ3-conc-c50,univ2-zero-fee,netEdge,1000,-2267.873292575318,-7488.506673153774,-1472.0300576990237,3.3792311642550885,79.47960442057092,-2423.6504547451273,-2112.0961304055086,-28.534028435455408,0.053,true
univ3-conc-c50,univ2-zero-fee,retailEdge,1000,7828.5969207606195,-1286.7198291614604,5232.147528161939,27473.80420452047,293.69505426437905,7252.9651919648995,8404.228649556338,26.655528607279358,0.826,true
univ3-conc-c50,univ2-zero-fee,arbitrageEdge,1000,-10096.470213335917,-28905.699580436893,-8467.672035666572,886.914955185302,297.6376255331709,-10679.82923982495,-9513.111186846883,-33.92202244339801,0.107,true
univ3-conc-c100,univ2-zero-fee,netEdge,1000,-2348.9789662959406,-7895.806137948919,-1453.7472132596326,31.528273259660068,82.27211953540716,-2510.229357517113,-2187.7285750747683,-28.551336461983563,0.056,true
univ3-conc-c100,univ2-zero-fee,retailEdge,1000,8796.512180624584,-925.3357683408933,6267.709421092953,28450.496801346373,299.2611391629305,8209.971125892811,9383.053235356358,29.39410110256711,0.872,true
univ3-conc-c100,univ2-zero-fee,arbitrageEdge,1000,-11145.491146920514,-30120.340889022515,-9635.792370610934,493.4423570555509,303.83493581390735,-11740.996678360812,-10549.985615480216,-36.68271759817277,0.071,true
univ3-conc-c1000,univ2-zero-fee,netEdge,1000,-2404.5875274410637,-8115.85794036583,-1472.0313573247663,13.695296767452874,84.50166158067087,-2570.2077407729707,-2238.9673141091566,-28.45609757798059,0.054,true
univ3-conc-c1000,univ2-zero-fee,retailEdge,1000,9811.307456176768,-204.90993462920824,7295.9145619550945,29830.206921155583,301.6057790215645,9220.170991765355,10402.44392058818,32.53023694706881,0.943,true
univ3-conc-c1000,univ2-zero-fee,arbitrageEdge,1000,-12215.894983617818,-31438.429871124972,-10613.24014231621,-413.55195042099604,306.9866792596658,-12817.577818700312,-11614.212148535324,-39.792915487661794,0.041,true
dodo-k1000000000000000000,univ3-full-range-zero-fee,netEdge,1000,398.8841589676178,4.593485805108003,295.11834986179747,1099.3228454606042,11.725211308231822,375.9031670923616,421.86515084287396,34.01935781639828,0.999,true
dodo-k1000000000000000000,univ3-full-range-zero-fee,retailEdge,1000,11.39647309240879,-13.768721985089542,3.039799751597627,73.66736115145522,1.0838386969662466,9.272188281304125,13.520757903513456,10.514916217983776,0.655,true
dodo-k1000000000000000000,univ3-full-range-zero-fee,arbitrageEdge,1000,387.4876858752097,3.652657934873787,279.4022523388194,1090.0580410684317,11.50676397760178,364.93484290050736,410.04052884991205,33.674774821962515,0.989,true
flashbots-c1,univ3-full-range-zero-fee,netEdge,1000,398.90928346450033,4.623686321904245,295.29642911991687,1098.4414609923865,11.726518537899972,375.9257294661751,421.8928374628256,34.01770799877475,0.999,true
flashbots-c1,univ3-full-range-zero-fee,retailEdge,1000,64.47737277472407,-176.92237815739304,8.7228280479967,456.6199341330034,6.985567061517126,50.78591292256121,78.16883262688694,9.230084287634178,0.56,true
flashbots-c1,univ3-full-range-zero-fee,arbitrageEdge,1000,334.4319106897763,-77.42487137406033,206.52068753178992,1178.783274922478,13.326257015001346,308.31292689164945,360.5508944879032,25.095712195352892,0.862,true
dodo-k500000000000000000,univ3-full-range-zero-fee,netEdge,1000,398.82328499536567,4.613424978694951,295.09329572465913,1099.1781376870968,11.72624872445433,375.84025982167645,421.8063101690549,34.01115688119813,0.999,true
dodo-k500000000000000000,univ3-full-range-zero-fee,retailEdge,1000,-663.9779718905895,-1412.4815893318626,-578.0859979734955,-204.65182965532642,11.675311281890199,-686.8611615113884,-641.0947822697906,-56.87025860462484,0,true
dodo-k500000000000000000,univ3-full-range-zero-fee,arbitrageEdge,1000,1062.8012568859547,336.5562649648974,998.9952543281076,2056.9021031375314,16.439487939741404,1030.580452599781,1095.0220611721284,64.6492920449609,1,true
flashbots-c2,univ3-full-range-zero-fee,netEdge,1000,398.83511194331703,4.625444439146776,295.1751993838252,1098.7196588507345,11.727177262136017,375.8502668692134,421.8199570174207,34.009472444068116,0.999,true
flashbots-c2,univ3-full-range-zero-fee,retailEdge,1000,-648.3957325670323,-1366.0213400421571,-563.142380335496,-196.0758292128298,11.38565189898672,-670.7112002295563,-626.0802649045082,-56.94849432598031,0,true
flashbots-c2,univ3-full-range-zero-fee,arbitrageEdge,1000,1047.2308445103495,341.6635300314127,983.0627168443323,1995.7150122643006,16.189050441408188,1015.5008887012872,1078.9608003194119,64.68760155516924,1,true
dodo-k200000000000000000,univ3-full-range-zero-fee,netEdge,1000,398.78430836127,4.620978656338906,295.03597362099595,1099.1007365907021,11.727181882845457,375.7994542307423,421.7691624917977,34.00512692180654,0.999,true
dodo-k200000000000000000,univ3-full-range-zero-fee,retailEdge,1000,-1092.318444340254,-2340.5927189967715,-957.3118274274095,-330.40669816405676,19.422076273402848,-1130.3850143411134,-1054.2518743393946,-56.24107479364122,0,true
dodo-k200000000000000000,univ3-full-range-zero-fee,arbitrageEdge,1000,1491.102752701526,502.0615499497103,1374.2149942635308,2867.7012602236064,22.654536787765164,1446.7006765110687,1535.5048288919834,65.81916755441289,1,true
flashbots-c5,univ3-full-range-zero-fee,netEdge,1000,398.78883202044767,4.625211947362928,295.0953824474565,1098.9075254868783,11.727628520643727,375.8031024959212,421.7745615449741,34.00421758912928,0.999,true
flashbots-c5,univ3-full-range-zero-fee,retailEdge,1000,-1089.7133606410212,-2282.010701113396,-957.5731486129159,-334.4946340269969,19.253367989390608,-1127.449268481323,-1051.9774528007192,-56.598583751242785,0,true
flashbots-c5,univ3-full-range-zero-fee,arbitrageEdge,1000,1488.502192661468,504.9394484494731,1372.9884851127358,2847.777554733233,22.494034624833713,1444.414694929797,1532.5896903931389,66.17319736043002,1,true
dodo-k100000000000000000,univ3-full-range-zero-fee,netEdge,1000,398.77119168867756,4.63016752750918,295.04074291503105,1099.0737936690552,11.727531788443766,375.78565175577916,421.75673162157597,34.002993885006916,0.999,true
dodo-k100000000000000000,univ3-full-range-zero-fee,retailEdge,1000,-1239.8468713954096,-2657.01118174484,-1086.0935799174028,-372.32218542489704,22.15182778618514,-1283.2636560480662,-1196.430086742753,-55.97040945617287,0,true
dodo-k100000000000000000,univ3-full-range-zero-fee,arbitrageEdge,1000,1638.6180630840856,553.5043076195235,1492.3594804005832,3165.1884013636836,25.05065530425041,1589.5196808986275,1687.7164452695438,65.41218356096485,1,true
flashbots-c10,univ3-full-range-zero-fee,netEdge,1000,398.7730130205698,4.6326810582207685,295.0637061625709,1098.9716229142748,11.727775046720788,375.78699631020953,421.7590297309301,34.00244389340253,0.999,true
flashbots-c10,univ3-full-range-zero-fee,retailEdge,1000,-1239.2582365026658,-2627.000338187181,-1088.7772693639747,-374.3812628025592,22.078056059948295,-1282.5304312288208,-1195.9860417765108,-56.130767724192836,0,true
flashbots-c10,univ3-full-range-zero-fee,arbitrageEdge,1000,1638.031249523235,550.3604750483162,1496.3808070692064,3138.5228733800345,24.977601477674582,1589.0760502067983,1686.9864488396715,65.58000578988083,1,true
dodo-k50000000000000000,univ3-full-range-zero-fee,netEdge,1000,398.76433001894753,4.627783825279614,295.03895052726364,1099.0484113012878,11.72773350488356,375.77839472909204,421.750265308803,34.001823954551625,0.999,true
dodo-k50000000000000000,univ3-full-range-zero-fee,retailEdge,1000,-1314.674172433054,-2814.0600217154415,-1149.6827104443219,-394.6597483210642,23.550676041323484,-1360.8326492856183,-1268.5156955804898,-55.82320312700344,0,true
dodo-k50000000000000000,univ3-full-range-zero-fee,arbitrageEdge,1000,1713.4385024520022,581.3849783009988,1555.9616449534058,3328.6429256160877,26.30318126196619,1661.8852144997197,1764.9917904042848,65.14187334935018,1,true
flashbots-c20,univ3-full-range-zero-fee,netEdge,1000,398.765415511674,4.629214689387371,295.0487664075241,1099.0058064846817,11.727847817156825,375.77925617387996,421.75157484946806,34.00158509290296,0.999,true
flashbots-c20,univ3-full-range-zero-fee,retailEdge,1000,-1314.6136301652425,-2811.100844421592,-1152.256933233209,-394.49025054313836,23.519761761082933,-1360.7115161419274,-1268.5157441885576,-55.89400281853506,0,true
flashbots-c20,univ3-full-range-zero-fee,arbitrageEdge,1000,1713.3790456769184,581.8394698342621,1556.3661776368085,3308.268361603469,26.271397831536287,1661.8880521035835,1764.8700392502533,65.21841953990631,1,true
dodo-k20000000000000000,univ3-full-range-zero-fee,netEdge,1000,398.76001063940413,4.625638430419505,295.03587944439505,1099.0325615058107,11.72784581737407,375.7738552211122,421.74616605769603,34.001130032649826,0.999,true
dodo-k20000000000000000,univ3-full-range-zero-fee,retailEdge,1000,-1359.896012638861,-2909.768013199289,-1187.4610789478195,-407.33289966817836,24.40356321849895,-1407.7261176415655,-1312.0659076361567,-55.72530537704434,0,true
dodo-k20000000000000000,univ3-full-range-zero-fee,arbitrageEdge,1000,1758.656023278266,596.3013674484147,1591.461019203888,3415.249521962369,27.074333801752168,1705.5913041214164,1811.7207424351157,64.95657607517757,1,true
flashbots-c50,univ3-full-range-zero-fee,netEdge,1000,398.76071291489995,4.62603626572518,295.0390938173926,1099.0169056152508,11.727898410641927,375.7744544156972,421.7469714141027,34.00103743677242,0.999,true
flashbots-c50,univ3-full-range-zero-fee,retailEdge,1000,-1359.9339708260286,-2909.17304801665,-1187.4324944652885,-407.50122510255426,24.393712712544758,-1407.7447691918333,-1312.123172460224,-55.74936406161192,0,true
flashbots-c50,univ3-full-range-zero-fee,arbitrageEdge,1000,1758.694683740931,596.4442253060859,1592.9476991831893,3416.4058585224548,27.063714262415715,1705.6507784987132,1811.7385889831487,64.98349290449349,1,true
dodo-k10000000000000000,univ3-full-range-zero-fee,netEdge,1000,398.7588397980939,4.626087664829075,295.0326995665433,1099.0294169591405,11.727893469717447,375.77259098292524,421.74508861326257,34.00089204661755,0.999,true
dodo-k10000000000000000,univ3-full-range-zero-fee,retailEdge,1000,-1375.0514020589162,-2942.319180761741,-1200.050671734029,-411.7358645067972,24.690738967516587,-1423.4443611869283,-1326.6584429309041,-55.69097805731733,0,true
dodo-k10000000000000000,univ3-full-range-zero-fee,arbitrageEdge,1000,1773.8102418570068,601.9195307543895,1602.3657634440692,3447.7448733855467,27.334994081064103,1720.2346379405055,1827.385845773508,64.89155390327252,1,true
flashbots-c100,univ3-full-range-zero-fee,netEdge,1000,398.75911889028265,4.626465590198258,295.0349928835397,1099.0241142937975,11.727917520579691,375.77282293629014,421.74541484427516,34.000846117015726,0.999,true
flashbots-c100,univ3-full-range-zero-fee,retailEdge,1000,-1375.090478373765,-2941.726017688898,-1200.1843982387984,-411.6479728630256,24.686009160986785,-1423.474167251325,-1326.7067894962051,-55.703231308320476,0,true
flashbots-c100,univ3-full-range-zero-fee,arbitrageEdge,1000,1773.849597264047,602.414721991378,1602.004929683992,3444.2067640029377,27.329694599397694,1720.2843801407487,1827.4148143873451,64.90557700206207,1,true
dodo-k1000000000000000,univ3-full-range-zero-fee,netEdge,1000,398.757274594152,4.626774615212886,295.0333911313603,1099.023629408703,11.727913892738835,375.77098575059694,421.7435634377071,34.00069937766483,0.999,true
dodo-k1000000000000000,univ3-full-range-zero-fee,retailEdge,1000,-1388.707496940374,-2971.4783803044083,-1211.7370039109871,-415.52318970551244,24.950541381149502,-1437.6096594422033,-1339.8053344385448,-55.658411403832815,0,true
dodo-k1000000000000000,univ3-full-range-zero-fee,arbitrageEdge,1000,1787.4647715345263,606.5940649470648,1612.2202864525084,3477.356648489802,27.571301725070914,1733.4260131465003,1841.5035299225524,64.83062676395737,1,true
flashbots-c1000,univ3-full-range-zero-fee,netEdge,1000,398.7576942602675,4.62672288494524,295.03412899853004,1099.0252987587658,11.727924748815031,375.7713841391941,421.7440043813409,34.00070368805506,0.999,true
flashbots-c1000,univ3-full-range-zero-fee,retailEdge,1000,-1388.7286946573956,-2971.4826942675763,-1211.8103767771759,-415.5452964889606,24.950134488335994,-1437.6300596639649,-1339.8273296508264,-55.660168697952955,0,true
flashbots-c1000,univ3-full-range-zero-fee,arbitrageEdge,1000,1787.4863889176627,606.5998693706504,1612.094997447738,3477.174099025169,27.57076633073446,1733.4486798832536,1841.5240979520718,64.83266977331223,1,true
univ2-zero-fee,univ3-full-range-zero-fee,netEdge,1000,0.0018624455490833327,-0.15147940954329897,0.0009924253390636295,0.15933236326293354,0.002810985962507783,-0.0036469856984795808,0.007371876796646246,0.6625595338874539,0.514,false
univ2-zero-fee,univ3-full-range-zero-fee,retailEdge,1000,-0.0015144751235679906,-0.28664878440292796,-0.002423948669274978,0.2612021516481491,0.005920443986202634,-0.013118332109011907,0.010089381861875926,-0.25580431587519725,0.481,false
univ2-zero-fee,univ3-full-range-zero-fee,arbitrageEdge,1000,0.003376920672652318,-0.29796313846554767,0.004079658049022328,0.330349933170055,0.006576043624081626,-0.009511887991311923,0.01626572933661656,0.5135185935029316,0.508,false
univ3-conc-c2,univ3-full-range-zero-fee,netEdge,1000,-397.7205963905938,-1114.3271159315714,-292.61053615318775,-4.905669812819042,11.693096123302276,-420.6386436600312,-374.8025491211564,-34.01328375279554,0,true
univ3-conc-c2,univ3-full-range-zero-fee,retailEdge,1000,-673.5189081127962,-1461.9428866047513,-592.4938919713542,-205.2894324215245,13.78221589458119,-700.5315548933308,-646.5062613322616,-48.86869522756543,0.002,true
univ3-conc-c2,univ3-full-range-zero-fee,arbitrageEdge,1000,275.7983117222036,-603.9313344273853,278.3807937160377,1206.4760698885098,18.09388480721109,240.3349491596534,311.2616742847538,15.242625597587958,0.713,true
univ3-conc-c5,univ3-full-range-zero-fee,netEdge,1000,-1174.2738284104646,-3466.3070364753094,-840.590606982304,-14.572052513674407,35.465504507362084,-1243.7849399384372,-1104.762716882492,-33.11030943227394,0.009,true
univ3-conc-c5,univ3-full-range-zero-fee,retailEdge,1000,349.16074734904106,-2169.6771154778526,-690.9803477825089,7294.983939001959,119.7377882926511,114.47899470696316,583.842499991119,2.916044736818233,0.224,true
univ3-conc-c5,univ3-full-range-zero-fee,arbitrageEdge,1000,-1523.434575759506,-8481.30664838923,-380.6208893493242,1667.0035452223806,122.12527368538085,-1762.7957137849498,-1284.0734377340623,-12.474359563641007,0.434,true
univ3-conc-c10,univ3-full-range-zero-fee,netEdge,1000,-1662.1636967154252,-5234.38622219849,-1099.138559293492,-13.782442646454967,54.85280629098965,-1769.673221496717,-1554.6541719341335,-30.30225450814281,0.025,true
univ3-conc-c10,univ3-full-range-zero-fee,retailEdge,1000,3017.1419351118802,-2226.5157362971845,-44.70465347749587,18158.093789828676,217.69361839067045,2590.47028340196,3443.8135868218005,13.859579152648159,0.495,true
univ3-conc-c10,univ3-full-range-zero-fee,arbitrageEdge,1000,-4679.305631827301,-19382.775864352632,-2700.1369625647726,1672.094396806899,218.55035536922452,-5107.656457159411,-4250.954806495191,-21.41065213059006,0.296,true
univ3-conc-c20,univ3-full-range-zero-fee,netEdge,1000,-2005.3630366171133,-6528.933878369982,-1291.1092445606487,-14.29908534524614,68.59481532870252,-2139.8064041875464,-1870.9196690466804,-29.23490685130539,0.037,true
univ3-conc-c20,univ3-full-range-zero-fee,retailEdge,1000,5554.458486999452,-1871.8426021348341,2399.7024286845244,23884.19120466583,268.632877875817,5027.947721299504,6080.9692526994,20.676763510560146,0.675,true
univ3-conc-c20,univ3-full-range-zero-fee,arbitrageEdge,1000,-7559.821523616562,-25331.165251035498,-5654.289651212365,1330.5732519173635,270.380327492933,-8089.7572276308565,-7029.885819602268,-27.959954016307474,0.203,true
univ3-conc-c50,univ3-full-range-zero-fee,netEdge,1000,-2267.8714301297637,-7488.418596190846,-1471.9788097521314,3.4099412043051416,79.47958578107504,-2423.6485557668325,-2112.094304492695,-28.53401169423015,0.053,true
univ3-conc-c50,univ3-full-range-zero-fee,retailEdge,1000,7828.595406285497,-1286.73991769248,5232.060628984389,27473.849848256006,293.69510436568765,7252.963579293017,8404.227233277978,26.65551890350172,0.826,true
univ3-conc-c50,univ3-full-range-zero-fee,arbitrageEdge,1000,-10096.46683641525,-28905.52649563157,-8467.780330423286,886.9652706532042,297.6375071989735,-10679.825630973519,-9513.10804185698,-33.92202458430639,0.107,true
univ3-conc-c100,univ3-full-range-zero-fee,netEdge,1000,-2348.9771038503886,-7895.7180609859915,-1453.6721857190478,31.620291111376844,82.27210987597134,-2510.2274761394146,-2187.7267315613626,-28.55131717652033,0.056,true
univ3-conc-c100,univ3-full-range-zero-fee,retailEdge,1000,8796.51066614944,-925.3787457522787,6267.699245536785,28450.098830643918,299.261205583994,8209.969481234773,9383.051851064105,29.394089517829304,0.872,true
univ3-conc-c100,univ3-full-range-zero-fee,arbitrageEdge,1000,-11145.487769999841,-30120.239306341668,-9635.973425404542,493.2895512288223,303.8348266985767,-11740.993087578021,-10549.982452421662,-36.68271965760155,0.071,true
univ3-conc-c1000,univ3-full-range-zero-fee,netEdge,1000,-2404.585664995515,-8116.054419055619,-1472.0886380622244,13.726006807502927,84.50165774169805,-2570.205870803173,-2238.9654591878566,-28.456076830418816,0.054,true
univ3-conc-c1000,univ3-full-range-zero-fee,retailEdge,1000,9811.305941701637,-204.90823683242763,7295.739095018367,29829.96270402905,301.6058558694391,9220.169326671159,10402.442556732116,32.53022363713261,0.943,true
univ3-conc-c1000,univ3-full-range-zero-fee,arbitrageEdge,1000,-12215.89160669714,-31438.602901901726,-10613.098613255086,-413.57972590690997,306.9865828823562,-12817.574252883578,-11614.208960510701,-39.79291698027901,0.041,true
univ3-full-range-zero-fee,univ2-zero-fee,netEdge,1000,-0.0018624455490833327,-0.16165104406866249,-0.0010011533763645275,0.14821919512701243,0.002810985962507783,-0.007371876796646246,0.0036469856984795808,-0.6625595338874539,0.486,false
univ3-full-range-zero-fee,univ2-zero-fee,retailEdge,1000,0.0015144751235679906,-0.262449936826215,0.0022677434019442444,0.2851676492932711,0.005920443986202634,-0.010089381861875926,0.013118332109011907,0.25580431587519725,0.519,false
univ3-full-range-zero-fee,univ2-zero-fee,arbitrageEdge,1000,-0.003376920672652318,-0.33890639899072994,-0.004786395036603608,0.29274244179896414,0.006576043624081626,-0.01626572933661656,0.009511887991311923,-0.5135185935029316,0.492,false
