strategy,family,parameter,side,input,output,average_price,slippage_bps
dodo-k1000000000000000000,dodo,K=1000000000000000000,buy_x,0.01,0.000099999,100.0010000100001,-0.0999999999995449
dodo-k1000000000000000000,dodo,K=1000000000000000000,buy_x,0.1,0.00099999,100.0010000100001,-0.0999999999995449
dodo-k1000000000000000000,dodo,K=1000000000000000000,buy_x,1,0.009999,100.01000100010002,-1.000000000001
dodo-k1000000000000000000,dodo,K=1000000000000000000,buy_x,10,0.099900099,100.100000901901,-9.990099999999114
dodo-k1000000000000000000,dodo,K=1000000000000000000,buy_x,50,0.497512437,100.500000163815,-49.75126000000052
dodo-k1000000000000000000,dodo,K=1000000000000000000,buy_x,100,0.990099009,101.00000009191,-99.0099099999997
dodo-k1000000000000000000,dodo,K=1000000000000000000,buy_x,500,4.761904761,105.00000001995,-476.19047799999925
dodo-k1000000000000000000,dodo,K=1000000000000000000,buy_x,1000,9.09090909,110.000000011,-909.09091
dodo-k1000000000000000000,dodo,K=1000000000000000000,buy_x,2500,20,125,-1999.9999999999995
dodo-k1000000000000000000,dodo,K=1000000000000000000,sell_x,0.0001,0.00999999,99.9999,-0.010000000000287557
dodo-k1000000000000000000,dodo,K=1000000000000000000,sell_x,0.001,0.099999,99.99900000000001,-0.0999999999995449
dodo-k1000000000000000000,dodo,K=1000000000000000000,sell_x,0.01,0.999900009,99.9900009,-0.9999100000002148
dodo-k1000000000000000000,dodo,K=1000000000000000000,sell_x,0.1,9.99000999,99.9000999,-9.990009999999439
dodo-k1000000000000000000,dodo,K=1000000000000000000,sell_x,0.5,49.751243781,99.502487562,-49.75124380000029
dodo-k1000000000000000000,dodo,K=1000000000000000000,sell_x,1,99.00990099,99.00990099,-99.00990099999896
dodo-k1000000000000000000,dodo,K=1000000000000000000,sell_x,5,476.19047619,95.238095238,-476.1904762000002
dodo-k1000000000000000000,dodo,K=1000000000000000000,sell_x,10,909.09090909,90.909090909,-909.0909090999999
dodo-k1000000000000000000,dodo,K=1000000000000000000,sell_x,25,2000,80,-1999.9999999999995
flashbots-c1,flashbots,concentration=1,buy_x,0.01,0.000099999,100.0010000100001,-0.0999999999995449
flashbots-c1,flashbots,concentration=1,buy_x,0.1,0.00099999,100.0010000100001,-0.0999999999995449
flashbots-c1,flashbots,concentration=1,buy_x,1,0.009999,100.01000100010002,-1.000000000001
flashbots-c1,flashbots,concentration=1,buy_x,10,0.099900099,100.100000901901,-9.990099999999114
flashbots-c1,flashbots,concentration=1,buy_x,50,0.497512437,100.500000163815,-49.75126000000052
flashbots-c1,flashbots,concentration=1,buy_x,100,0.990099009,101.00000009191,-99.0099099999997
flashbots-c1,flashbots,concentration=1,buy_x,500,4.761904761,105.00000001995,-476.19047799999925
flashbots-c1,flashbots,concentration=1,buy_x,1000,9.09090909,110.000000011,-909.09091
flashbots-c1,flashbots,concentration=1,buy_x,2500,20,125,-1999.9999999999995
flashbots-c1,flashbots,concentration=1,sell_x,0.0001,0.00999999,99.9999,-0.010000000000287557
flashbots-c1,flashbots,concentration=1,sell_x,0.001,0.099999,99.99900000000001,-0.0999999999995449
flashbots-c1,flashbots,concentration=1,sell_x,0.01,0.999900009,99.9900009,-0.9999100000002148
flashbots-c1,flashbots,concentration=1,sell_x,0.1,9.99000999,99.9000999,-9.990009999999439
flashbots-c1,flashbots,concentration=1,sell_x,0.5,49.751243781,99.502487562,-49.75124380000029
flashbots-c1,flashbots,concentration=1,sell_x,1,99.00990099,99.00990099,-99.00990099999896
flashbots-c1,flashbots,concentration=1,sell_x,5,476.19047619,95.238095238,-476.1904762000002
flashbots-c1,flashbots,concentration=1,sell_x,10,909.09090909,90.909090909,-909.0909090999999
flashbots-c1,flashbots,concentration=1,sell_x,25,2000,80,-1999.9999999999995
dodo-k500000000000000000,dodo,K=500000000000000000,buy_x,0.01,0.000099999,100.0010000100001,-0.0999999999995449
dodo-k500000000000000000,dodo,K=500000000000000000,buy_x,0.1,0.000999995,100.00050000250002,-0.05000000000032756
dodo-k500000000000000000,dodo,K=500000000000000000,buy_x,1,0.0099995,100.0050002500125,-0.49999999999994493
dodo-k500000000000000000,dodo,K=500000000000000000,buy_x,10,0.09995,100.05002501250625,-5.0000000000005596
dodo-k500000000000000000,dodo,K=500000000000000000,buy_x,50,0.498750007,100.25062515938973,-24.999860000000098
dodo-k500000000000000000,dodo,K=500000000000000000,buy_x,100,0.995000124,100.50250003787939,-49.998759999999585
dodo-k500000000000000000,dodo,K=500000000000000000,buy_x,500,4.875078027,102.56246099668837,-249.84394600000016
dodo-k500000000000000000,dodo,K=500000000000000000,buy_x,1000,9.501243788,105.24937811436777,-498.756212
dodo-k500000000000000000,dodo,K=500000000000000000,buy_x,2500,21.922359359,114.03882032312596,-1231.0562563999995
dodo-k500000000000000000,dodo,K=500000000000000000,sell_x,0.0001,0.009999995,99.99994999999998,-0.005000000001809113
dodo-k500000000000000000,dodo,K=500000000000000000,sell_x,0.001,0.0999995,99.9995,-0.05000000000032756
dodo-k500000000000000000,dodo,K=500000000000000000,sell_x,0.01,0.99995,99.995,-0.49999999999994493
dodo-k500000000000000000,dodo,K=500000000000000000,sell_x,0.1,9.995000001,99.95000000999998,-4.999999000001587
dodo-k500000000000000000,dodo,K=500000000000000000,sell_x,0.5,49.875000781,99.750001562,-24.999843800000974
dodo-k500000000000000000,dodo,K=500000000000000000,sell_x,1,99.500012499,99.500012499,-49.99875010000099
dodo-k500000000000000000,dodo,K=500000000000000000,sell_x,5,487.507802749,97.5015605498,-249.84394501999964
dodo-k500000000000000000,dodo,K=500000000000000000,sell_x,10,950.124378879,95.0124378879,-498.75621120999966
dodo-k500000000000000000,dodo,K=500000000000000000,sell_x,25,2192.235935955,87.6894374382,-1231.0562561799998
flashbots-c2,flashbots,concentration=2,buy_x,0.01,0.000099999,100.0010000100001,-0.0999999999995449
flashbots-c2,flashbots,concentration=2,buy_x,0.1,0.000999995,100.00050000250002,-0.05000000000032756
flashbots-c2,flashbots,concentration=2,buy_x,1,0.0099995,100.0050002500125,-0.49999999999994493
flashbots-c2,flashbots,concentration=2,buy_x,10,0.099950024,100.050000988494,-4.997599999999602
flashbots-c2,flashbots,concentration=2,buy_x,50,0.498753117,100.25000004160374,-24.93765999999953
flashbots-c2,flashbots,concentration=2,buy_x,100,0.995024875,100.5000000628125,-49.7512500000008
flashbots-c2,flashbots,concentration=2,buy_x,500,4.87804878,102.50000001024999,-243.90243999999893
flashbots-c2,flashbots,concentration=2,buy_x,1000,9.523809523,105.000000008925,-476.19047700000027
flashbots-c2,flashbots,concentration=2,buy_x,2500,22.222222222,112.500000001125,-1111.1111112000006
flashbots-c2,flashbots,concentration=2,sell_x,0.0001,0.009999995,99.99994999999998,-0.005000000001809113
flashbots-c2,flashbots,concentration=2,sell_x,0.001,0.0999995,99.9995,-0.05000000000032756
flashbots-c2,flashbots,concentration=2,sell_x,0.01,0.999950002,99.99500019999999,-0.49998000000051057
flashbots-c2,flashbots,concentration=2,sell_x,0.1,9.995002498,99.95002498,-4.997502000000376
flashbots-c2,flashbots,concentration=2,sell_x,0.5,49.87531172,99.75062344,-24.93765600000031
flashbots-c2,flashbots,concentration=2,sell_x,1,99.502487562,99.502487562,-49.75124380000029
flashbots-c2,flashbots,concentration=2,sell_x,5,487.804878048,97.56097560959999,-243.9024390400002
flashbots-c2,flashbots,concentration=2,sell_x,10,952.38095238,95.238095238,-476.1904762000002
flashbots-c2,flashbots,concentration=2,sell_x,25,2222.222222222,88.88888888887999,-1111.1111111120008
dodo-k200000000000000000,dodo,K=200000000000000000,buy_x,0.01,0.000099999,100.0010000100001,-0.0999999999995449
dodo-k200000000000000000,dodo,K=200000000000000000,buy_x,0.1,0.000999997,100.0003000009,-0.029999999999752447
dodo-k200000000000000000,dodo,K=200000000000000000,buy_x,1,0.009999799,100.00201004040181,-0.20099999999967366
dodo-k200000000000000000,dodo,K=200000000000000000,buy_x,10,0.099979987,100.0200170060034,-2.0012999999985404
dodo-k200000000000000000,dodo,K=200000000000000000,buy_x,50,0.499498497,100.10040130310944,-10.030060000001395
dodo-k200000000000000000,dodo,K=200000000000000000,buy_x,100,0.99798796,100.20160964667349,-20.120399999999925
dodo-k200000000000000000,dodo,K=200000000000000000,buy_x,500,4.948475503,101.04121960326495,-103.04899400000012
dodo-k200000000000000000,dodo,K=200000000000000000,buy_x,1000,9.787617924,102.16990566702879,-212.3820760000017
dodo-k200000000000000000,dodo,K=200000000000000000,buy_x,2500,23.54922126,106.16062299463061,-580.311496
dodo-k200000000000000000,dodo,K=200000000000000000,sell_x,0.0001,0.009999997,99.99996999999999,-0.0030000000006413785
dodo-k200000000000000000,dodo,K=200000000000000000,sell_x,0.001,0.099999799,99.999799,-0.020099999999967366
dodo-k200000000000000000,dodo,K=200000000000000000,sell_x,0.01,0.999979998,99.9979998,-0.20001999999963438
dodo-k200000000000000000,dodo,K=200000000000000000,sell_x,0.1,9.997998799,99.97998798999998,-2.0012010000014513
dodo-k200000000000000000,dodo,K=200000000000000000,sell_x,0.5,49.94984975,99.8996995,-10.030050000000568
dodo-k200000000000000000,dodo,K=200000000000000000,sell_x,1,99.798796014,99.798796014,-20.12039859999981
dodo-k200000000000000000,dodo,K=200000000000000000,sell_x,5,494.847550328,98.9695100656,-103.04899343999918
dodo-k200000000000000000,dodo,K=200000000000000000,sell_x,10,978.761792464,97.8761792464,-212.3820753600003
dodo-k200000000000000000,dodo,K=200000000000000000,sell_x,25,2354.92212607,94.1968850428,-580.3114957199995
flashbots-c5,flashbots,concentration=5,buy_x,0.01,0.000099999,100.0010000100001,-0.0999999999995449
flashbots-c5,flashbots,concentration=5,buy_x,0.1,0.000999998,100.00020000040001,-0.020000000001685336
flashbots-c5,flashbots,concentration=5,buy_x,1,0.0099998,100.00200004000081,-0.20000000000131024
flashbots-c5,flashbots,concentration=5,buy_x,10,0.099980003,100.02000099959989,-1.9996999999993825
flashbots-c5,flashbots,concentration=5,buy_x,50,0.499500499,100.1000001003002,-9.990020000000266
flashbots-c5,flashbots,concentration=5,buy_x,100,0.998003992,100.2000000016032,-19.960079999999934
flashbots-c5,flashbots,concentration=5,buy_x,500,4.950495049,101.000000010302,-99.00990200000015
flashbots-c5,flashbots,concentration=5,buy_x,1000,9.803921568,102.000000006528,-196.07843199999974
flashbots-c5,flashbots,concentration=5,buy_x,2500,23.809523809,105.00000000230999,-476.1904763999991
flashbots-c5,flashbots,concentration=5,sell_x,0.0001,0.009999998,99.99998,-0.0020000000011677344
flashbots-c5,flashbots,concentration=5,sell_x,0.001,0.0999998,99.9998,-0.020000000000575113
flashbots-c5,flashbots,concentration=5,sell_x,0.01,0.99998,99.99799999999999,-0.20000000000131024
flashbots-c5,flashbots,concentration=5,sell_x,0.1,9.998000399,99.98000399,-1.999601000000073
flashbots-c5,flashbots,concentration=5,sell_x,0.5,49.95004995,99.9000999,-9.990009999999439
flashbots-c5,flashbots,concentration=5,sell_x,1,99.800399201,99.800399201,-19.960079899999926
flashbots-c5,flashbots,concentration=5,sell_x,5,495.04950495,99.00990099,-99.00990099999896
flashbots-c5,flashbots,concentration=5,sell_x,10,980.392156862,98.0392156862,-196.07843138000015
flashbots-c5,flashbots,concentration=5,sell_x,25,2380.952380952,95.23809523808,-476.1904761919988
dodo-k100000000000000000,dodo,K=100000000000000000,buy_x,0.01,0.000099999,100.0010000100001,-0.0999999999995449
dodo-k100000000000000000,dodo,K=100000000000000000,buy_x,0.1,0.000999998,100.00020000040001,-0.020000000001685336
dodo-k100000000000000000,dodo,K=100000000000000000,buy_x,1,0.009999899,100.00101001020111,-0.10100000000123899
dodo-k100000000000000000,dodo,K=100000000000000000,buy_x,10,0.099989991,100.0100100019011,-1.0008999999999713
dodo-k100000000000000000,dodo,K=100000000000000000,buy_x,50,0.499748996,100.05022601386077,-5.020079999999982
dodo-k100000000000000000,dodo,K=100000000000000000,buy_x,100,0.998991944,100.1009073202296,-10.080559999999794
dodo-k100000000000000000,dodo,K=100000000000000000,buy_x,500,4.973964688,100.52343178195076,-52.07062400000018
dodo-k100000000000000000,dodo,K=100000000000000000,buy_x,1000,9.891419681,101.09772229368214,-108.58031900000009
dodo-k100000000000000000,dodo,K=100000000000000000,buy_x,2500,24.225498344,103.19705149096272,-309.8006624000005
dodo-k100000000000000000,dodo,K=100000000000000000,sell_x,0.0001,0.009999998,99.99998,-0.0020000000011677344
dodo-k100000000000000000,dodo,K=100000000000000000,sell_x,0.001,0.099999899,99.999899,-0.01009999999967981
dodo-k100000000000000000,dodo,K=100000000000000000,sell_x,0.01,0.999989999,99.9989999,-0.1000100000003723
dodo-k100000000000000000,dodo,K=100000000000000000,sell_x,0.1,9.998999199,99.98999199,-1.0008010000006617
dodo-k100000000000000000,dodo,K=100000000000000000,sell_x,0.5,49.974899655,99.94979931,-5.020069000000182
dodo-k100000000000000000,dodo,K=100000000000000000,sell_x,1,99.89919447,99.89919447,-10.080553000000325
dodo-k100000000000000000,dodo,K=100000000000000000,sell_x,5,497.396468805,99.479293761,-52.07062390000017
dodo-k100000000000000000,dodo,K=100000000000000000,sell_x,10,989.14196817,98.914196817,-108.58031830000003
dodo-k100000000000000000,dodo,K=100000000000000000,sell_x,25,2422.549834416,96.90199337664001,-309.80066233599945
flashbots-c10,flashbots,concentration=10,buy_x,0.01,0.000099999,100.0010000100001,-0.0999999999995449
flashbots-c10,flashbots,concentration=10,buy_x,0.1,0.000999999,100.00010000010002,-0.01000000000139778
flashbots-c10,flashbots,concentration=10,buy_x,1,0.0099999,100.0010000100001,-0.0999999999995449
flashbots-c10,flashbots,concentration=10,buy_x,10,0.09999,100.01000100010002,-1.000000000001
flashbots-c10,flashbots,concentration=10,buy_x,50,0.499750124,100.0500001876938,-4.9975199999996445
flashbots-c10,flashbots,concentration=10,buy_x,100,0.999000999,100.10000000010011,-9.990010000000549
flashbots-c10,flashbots,concentration=10,buy_x,500,4.975124378,100.500000002211,-49.7512439999992
flashbots-c10,flashbots,concentration=10,buy_x,1000,9.900990099,101.00000000010101,-99.00990100000118
flashbots-c10,flashbots,concentration=10,buy_x,2500,24.390243902,102.500000001845,-243.90243919999998
flashbots-c10,flashbots,concentration=10,sell_x,0.0001,0.009999999,99.99999,-0.0010000000005838672
flashbots-c10,flashbots,concentration=10,sell_x,0.001,0.0999999,99.9999,-0.010000000000287557
flashbots-c10,flashbots,concentration=10,sell_x,0.01,0.99999,99.99900000000001,-0.0999999999995449
flashbots-c10,flashbots,concentration=10,sell_x,0.1,9.999000099,99.99000099,-0.9999010000005804
flashbots-c10,flashbots,concentration=10,sell_x,0.5,49.975012493,99.950024986,-4.997501399999216
flashbots-c10,flashbots,concentration=10,sell_x,1,99.9000999,99.9000999,-9.990009999999439
flashbots-c10,flashbots,concentration=10,sell_x,5,497.51243781,99.502487562,-49.75124380000029
flashbots-c10,flashbots,concentration=10,sell_x,10,990.0990099,99.00990099,-99.00990099999896
flashbots-c10,flashbots,concentration=10,sell_x,25,2439.024390243,97.56097560972,-243.9024390279998
dodo-k50000000000000000,dodo,K=50000000000000000,buy_x,0.01,0.000099999,100.0010000100001,-0.0999999999995449
dodo-k50000000000000000,dodo,K=50000000000000000,buy_x,0.1,0.000999999,100.00010000010002,-0.01000000000139778
dodo-k50000000000000000,dodo,K=50000000000000000,buy_x,1,0.009999949,100.00051000260102,-0.05100000000091143
dodo-k50000000000000000,dodo,K=50000000000000000,buy_x,10,0.099994995,100.00500525051278,-0.5004999999991266
dodo-k50000000000000000,dodo,K=50000000000000000,buy_x,50,0.499874435,100.02511930821187,-2.511299999999883
dodo-k50000000000000000,dodo,K=50000000000000000,buy_x,100,0.999495461,100.05047936881026,-5.0453900000002605
dodo-k50000000000000000,dodo,K=50000000000000000,buy_x,500,4.986912698,100.26243294784864,-26.174603999998823
dodo-k50000000000000000,dodo,K=50000000000000000,buy_x,1000,9.945086425,100.55216790134632,-54.91357500000071
dodo-k50000000000000000,dodo,K=50000000000000000,buy_x,2500,24.598747782,101.63118960995898,-160.5008871999991
dodo-k50000000000000000,dodo,K=50000000000000000,sell_x,0.0001,0.009999999,99.99999,-0.0010000000005838672
dodo-k50000000000000000,dodo,K=50000000000000000,sell_x,0.001,0.099999949,99.999949,-0.005100000000091143
dodo-k50000000000000000,dodo,K=50000000000000000,sell_x,0.01,0.999994999,99.9994999,-0.05001000000004474
dodo-k50000000000000000,dodo,K=50000000000000000,sell_x,0.1,9.999499549,99.99499549,-0.5004510000006235
dodo-k50000000000000000,dodo,K=50000000000000000,sell_x,0.5,49.98744351,99.97488702,-2.511298000000828
dodo-k50000000000000000,dodo,K=50000000000000000,sell_x,1,99.949546157,99.949546157,-5.045384299999789
dodo-k50000000000000000,dodo,K=50000000000000000,sell_x,5,498.691269857,99.7382539714,-26.174602859999617
dodo-k50000000000000000,dodo,K=50000000000000000,sell_x,10,994.508642555,99.45086425550001,-54.91357444999956
dodo-k50000000000000000,dodo,K=50000000000000000,sell_x,25,2459.874778289,98.39499113156,-160.50088684399944
flashbots-c20,flashbots,concentration=20,buy_x,0.01,0.000099999,100.0010000100001,-0.0999999999995449
flashbots-c20,flashbots,concentration=20,buy_x,0.1,0.000999999,100.00010000010002,-0.01000000000139778
flashbots-c20,flashbots,concentration=20,buy_x,1,0.00999995,100.0005000025,-0.04999999999921734
flashbots-c20,flashbots,concentration=20,buy_x,10,0.099995,100.0050002500125,-0.49999999999994493
flashbots-c20,flashbots,concentration=20,buy_x,50,0.499875031,100.0250000484621,-2.499379999999496
flashbots-c20,flashbots,concentration=20,buy_x,100,0.999500249,100.05000008759377,-4.997509999999927
flashbots-c20,flashbots,concentration=20,buy_x,500,4.987531172,100.2500000014035,-24.93765600000031
flashbots-c20,flashbots,concentration=20,buy_x,1000,9.950248756,100.500000002211,-49.7512439999992
flashbots-c20,flashbots,concentration=20,buy_x,2500,24.691358024,101.25000000283501,-123.45679040000057
flashbots-c20,flashbots,concentration=20,sell_x,0.0001,0.009999999,99.99999,-0.0010000000005838672
flashbots-c20,flashbots,concentration=20,sell_x,0.001,0.09999995,99.99995,-0.00500000000069889
flashbots-c20,flashbots,concentration=20,sell_x,0.01,0.999995,99.9995,-0.05000000000032756
flashbots-c20,flashbots,concentration=20,sell_x,0.1,9.999500024,99.99500024,-0.4999760000001796
flashbots-c20,flashbots,concentration=20,sell_x,0.5,49.987503124,99.975006248,-2.499375200000209
flashbots-c20,flashbots,concentration=20,sell_x,1,99.950024987,99.950024987,-4.9975012999992074
flashbots-c20,flashbots,concentration=20,sell_x,5,498.753117206,99.7506234412,-24.93765587999963
flashbots-c20,flashbots,concentration=20,sell_x,10,995.024875621,99.5024875621,-49.7512437899994
flashbots-c20,flashbots,concentration=20,sell_x,25,2469.135802469,98.76543209875999,-123.45679012400134
dodo-k20000000000000000,dodo,K=20000000000000000,buy_x,0.01,0.000099999,100.0010000100001,-0.0999999999995449
dodo-k20000000000000000,dodo,K=20000000000000000,buy_x,0.1,0.000999999,100.00010000010002,-0.01000000000139778
dodo-k20000000000000000,dodo,K=20000000000000000,buy_x,1,0.009999979,100.00021000044099,-0.020999999998938534
dodo-k20000000000000000,dodo,K=20000000000000000,buy_x,10,0.099997998,100.00200204008084,-0.20020000000009475
dodo-k20000000000000000,dodo,K=20000000000000000,buy_x,50,0.499949758,100.01004940980489,-1.0048399999995627
dodo-k20000000000000000,dodo,K=20000000000000000,buy_x,100,0.999798061,100.02019797875963,-2.0193899999998433
dodo-k20000000000000000,dodo,K=20000000000000000,buy_x,500,4.994748183,100.1051467823318,-10.503634000000872
dodo-k20000000000000000,dodo,K=20000000000000000,buy_x,1000,9.977881409,100.221676226579,-22.11859099999991
dodo-k20000000000000000,dodo,K=20000000000000000,buy_x,2500,24.835873667,100.66084380682801,-65.65053319999903
dodo-k20000000000000000,dodo,K=20000000000000000,sell_x,0.0001,0.009999999,99.99999,-0.0010000000005838672
dodo-k20000000000000000,dodo,K=20000000000000000,sell_x,0.001,0.099999979,99.999979,-0.0021000000005599873
dodo-k20000000000000000,dodo,K=20000000000000000,sell_x,0.01,0.999997999,99.9997999,-0.020010000000292294
dodo-k20000000000000000,dodo,K=20000000000000000,sell_x,0.1,9.999799807,99.99799807,-0.2001930000006258
dodo-k20000000000000000,dodo,K=20000000000000000,sell_x,0.5,49.994975886,99.989951772,-1.00482280000036
dodo-k20000000000000000,dodo,K=20000000000000000,sell_x,1,99.979806179,99.979806179,-2.0193821000003
dodo-k20000000000000000,dodo,K=20000000000000000,sell_x,5,499.474818308,99.8949636616,-10.50363383999997
dodo-k20000000000000000,dodo,K=20000000000000000,sell_x,10,997.788140981,99.7788140981,-22.118590190000063
dodo-k20000000000000000,dodo,K=20000000000000000,sell_x,25,2483.587366715,99.3434946686,-65.65053314000036
flashbots-c50,flashbots,concentration=50,buy_x,0.01,0.000099999,100.0010000100001,-0.0999999999995449
flashbots-c50,flashbots,concentration=50,buy_x,0.1,0.000999999,100.00010000010002,-0.01000000000139778
flashbots-c50,flashbots,concentration=50,buy_x,1,0.00999998,100.0002000004,-0.01999999999946489
flashbots-c50,flashbots,concentration=50,buy_x,10,0.099998,100.0020000400008,-0.1999999999990898
flashbots-c50,flashbots,concentration=50,buy_x,50,0.499950004,100.01000019994,-0.999919999999932
flashbots-c50,flashbots,concentration=50,buy_x,100,0.999800039,100.02000009923984,-1.9996099999997075
flashbots-c50,flashbots,concentration=50,buy_x,500,4.995004995,100.1000000001001,-9.990009999999439
flashbots-c50,flashbots,concentration=50,buy_x,1000,9.98003992,100.2000000016032,-19.960079999999934
flashbots-c50,flashbots,concentration=50,buy_x,2500,24.87562189,100.500000002211,-49.7512439999992
flashbots-c50,flashbots,concentration=50,sell_x,0.0001,0.009999999,99.99999,-0.0010000000005838672
flashbots-c50,flashbots,concentration=50,sell_x,0.001,0.09999998,99.99998,-0.0020000000011677344
flashbots-c50,flashbots,concentration=50,sell_x,0.01,0.999998,99.99980000000001,-0.01999999999946489
flashbots-c50,flashbots,concentration=50,sell_x,0.1,9.999800003,99.99800003,-0.1999969999999518
flashbots-c50,flashbots,concentration=50,sell_x,0.5,49.995000499,99.990000998,-0.9999002000005142
flashbots-c50,flashbots,concentration=50,sell_x,1,99.980003999,99.980003999,-1.9996000999999985
flashbots-c50,flashbots,concentration=50,sell_x,5,499.5004995,99.9000999,-9.990009999999439
flashbots-c50,flashbots,concentration=50,sell_x,10,998.003992015,99.8003992015,-19.96007984999992
flashbots-c50,flashbots,concentration=50,sell_x,25,2487.562189054,99.50248756216,-49.751243783999755
dodo-k10000000000000000,dodo,K=10000000000000000,buy_x,0.01,0.000099999,100.0010000100001,-0.0999999999995449
dodo-k10000000000000000,dodo,K=10000000000000000,buy_x,0.1,0.000999999,100.00010000010002,-0.01000000000139778
dodo-k10000000000000000,dodo,K=10000000000000000,buy_x,1,0.009999989,100.000110000121,-0.0109999999997612
dodo-k10000000000000000,dodo,K=10000000000000000,buy_x,10,0.099998999,100.0010010100201,-0.10009999999893715
dodo-k10000000000000000,dodo,K=10000000000000000,buy_x,50,0.499974876,100.00502505249884,-0.5024799999997498
dodo-k10000000000000000,dodo,K=10000000000000000,buy_x,100,0.99989901,100.01010002000102,-1.009899999999675
dodo-k10000000000000000,dodo,K=10000000000000000,buy_x,500,4.99737126,100.05260245563584,-5.25747999999937
dodo-k10000000000000000,dodo,K=10000000000000000,buy_x,1000,9.988914874,100.11097427638364,-11.085126
dodo-k10000000000000000,dodo,K=10000000000000000,buy_x,2500,24.917308206,100.33186487607874,-33.076717600000194
dodo-k10000000000000000,dodo,K=10000000000000000,sell_x,0.0001,0.009999999,99.99999,-0.0010000000005838672
dodo-k10000000000000000,dodo,K=10000000000000000,sell_x,0.001,0.099999989,99.999989,-0.00109999999997612
dodo-k10000000000000000,dodo,K=10000000000000000,sell_x,0.01,0.999998999,99.9998999,-0.010010000000004737
dodo-k10000000000000000,dodo,K=10000000000000000,sell_x,0.1,9.999899901,99.99899900999999,-0.10009900000107486
dodo-k10000000000000000,dodo,K=10000000000000000,sell_x,0.5,49.99748769,99.99497538,-0.5024620000004809
dodo-k10000000000000000,dodo,K=10000000000000000,sell_x,1,99.98990104,99.98990104,-1.009895999999344
dodo-k10000000000000000,dodo,K=10000000000000000,sell_x,5,499.737126015,99.947425203,-5.257479700000456
dodo-k10000000000000000,dodo,K=10000000000000000,sell_x,10,998.891487418,99.8891487418,-11.085125819999542
dodo-k10000000000000000,dodo,K=10000000000000000,sell_x,25,2491.7308206,99.66923282399999,-33.0767176000013
flashbots-c100,flashbots,concentration=100,buy_x,0.01,0.000099999,100.0010000100001,-0.0999999999995449
flashbots-c100,flashbots,concentration=100,buy_x,0.1,0.000999999,100.00010000010002,-0.01000000000139778
flashbots-c100,flashbots,concentration=100,buy_x,1,0.00999999,100.00010000009999,-0.009999999999177334
flashbots-c100,flashbots,concentration=100,buy_x,10,0.099999,100.0010000100001,-0.0999999999995449
flashbots-c100,flashbots,concentration=100,buy_x,50,0.499975001,100.0050000499925,-0.49998000000051057
flashbots-c100,flashbots,concentration=100,buy_x,100,0.999900009,100.01000009991999,-0.9999100000002148
flashbots-c100,flashbots,concentration=100,buy_x,500,4.997501249,100.05000000751376,-4.997502000000376
flashbots-c100,flashbots,concentration=100,buy_x,1000,9.99000999,100.1000000001001,-9.990009999999439
flashbots-c100,flashbots,concentration=100,buy_x,2500,24.93765586,100.2500000014035,-24.93765600000031
flashbots-c100,flashbots,concentration=100,sell_x,0.0001,0.009999999,99.99999,-0.0010000000005838672
flashbots-c100,flashbots,concentration=100,sell_x,0.001,0.09999999,99.99999,-0.0010000000005838672
flashbots-c100,flashbots,concentration=100,sell_x,0.01,0.999999,99.9999,-0.010000000000287557
flashbots-c100,flashbots,concentration=100,sell_x,0.1,9.9999,99.999,-0.10000000000065512
flashbots-c100,flashbots,concentration=100,sell_x,0.5,49.997500124,99.995000248,-0.4999752000001134
flashbots-c100,flashbots,concentration=100,sell_x,1,99.990000999,99.990000999,-0.9999000999993957
flashbots-c100,flashbots,concentration=100,sell_x,5,499.750124937,99.9500249874,-4.997501260000092
flashbots-c100,flashbots,concentration=100,sell_x,10,999.000999,99.9000999,-9.990009999999439
flashbots-c100,flashbots,concentration=100,sell_x,25,2493.765586034,99.75062344136,-24.937655863999098
dodo-k1000000000000000,dodo,K=1000000000000000,buy_x,0.01,0.000099999,100.0010000100001,-0.0999999999995449
dodo-k1000000000000000,dodo,K=1000000000000000,buy_x,0.1,0.000999999,100.00010000010002,-0.01000000000139778
dodo-k1000000000000000,dodo,K=1000000000000000,buy_x,1,0.009999998,100.000020000004,-0.0020000000000575113
dodo-k1000000000000000,dodo,K=1000000000000000,buy_x,10,0.099999899,100.000101000102,-0.01009999999967981
dodo-k1000000000000000,dodo,K=1000000000000000,buy_x,50,0.499997487,100.00050260252608,-0.05026000000074582
dodo-k1000000000000000,dodo,K=1000000000000000,buy_x,100,0.999989899,100.00101011020313,-0.10100999999984595
dodo-k1000000000000000,dodo,K=1000000000000000,buy_x,500,4.99973687,100.00526287696415,-0.5262599999988904
dodo-k1000000000000000,dodo,K=1000000000000000,buy_x,1000,9.998889149,100.01110974412704,-1.1108510000001903
dodo-k1000000000000000,dodo,K=1000000000000000,buy_x,2500,24.991673141,100.03331853354923,-3.3307435999996304
dodo-k1000000000000000,dodo,K=1000000000000000,sell_x,0.0001,0.009999999,99.99999,-0.0010000000005838672
dodo-k1000000000000000,dodo,K=1000000000000000,sell_x,0.001,0.099999998,99.999998,-0.00019999999989472883
dodo-k1000000000000000,dodo,K=1000000000000000,sell_x,0.01,0.999999899,99.99998989999999,-0.0010100000014112709
dodo-k1000000000000000,dodo,K=1000000000000000,sell_x,0.1,9.99998999,99.99989989999999,-0.01001000000111496
dodo-k1000000000000000,dodo,K=1000000000000000,sell_x,0.5,49.999748746,99.999497492,-0.05025079999998461
dodo-k1000000000000000,dodo,K=1000000000000000,sell_x,1,99.998989919,99.998989919,-0.10100810000079896
dodo-k1000000000000000,dodo,K=1000000000000000,sell_x,5,499.973687053,99.9947374106,-0.526258940000135
dodo-k1000000000000000,dodo,K=1000000000000000,sell_x,10,999.888914944,99.98889149440001,-1.1108505599988217
dodo-k1000000000000000,dodo,K=1000000000000000,sell_x,25,2499.167314146,99.96669256584,-3.330743415999038
flashbots-c1000,flashbots,concentration=1000,buy_x,0.01,0.000099999,100.0010000100001,-0.0999999999995449
flashbots-c1000,flashbots,concentration=1000,buy_x,0.1,0.000999999,100.00010000010002,-0.01000000000139778
flashbots-c1000,flashbots,concentration=1000,buy_x,1,0.009999999,100.000010000001,-0.0009999999994736442
flashbots-c1000,flashbots,concentration=1000,buy_x,10,0.0999999,100.00010000009999,-0.009999999999177334
flashbots-c1000,flashbots,concentration=1000,buy_x,50,0.4999975,100.00050000250002,-0.05000000000032756
flashbots-c1000,flashbots,concentration=1000,buy_x,100,0.99999,100.0010000100001,-0.0999999999995449
flashbots-c1000,flashbots,concentration=1000,buy_x,500,4.999750012,100.0050000099885,-0.49997600000128983
flashbots-c1000,flashbots,concentration=1000,buy_x,1000,9.999000099,100.01000000990199,-0.9999009999994701
flashbots-c1000,flashbots,concentration=1000,buy_x,2500,24.993751562,100.02500000043811,-2.499375200000209
flashbots-c1000,flashbots,concentration=1000,sell_x,0.0001,0.009999999,99.99999,-0.0010000000005838672
flashbots-c1000,flashbots,concentration=1000,sell_x,0.001,0.099999999,99.999999,-0.0000999999993922529
flashbots-c1000,flashbots,concentration=1000,sell_x,0.01,0.9999999,99.99999,-0.0010000000005838672
flashbots-c1000,flashbots,concentration=1000,sell_x,0.1,9.99999,99.9999,-0.010000000000287557
flashbots-c1000,flashbots,concentration=1000,sell_x,0.5,49.999750001,99.999500002,-0.04999979999920079
flashbots-c1000,flashbots,concentration=1000,sell_x,1,99.999000009,99.999000009,-0.09999910000058065
flashbots-c1000,flashbots,concentration=1000,sell_x,5,499.975001249,99.9950002498,-0.49997501999965444
flashbots-c1000,flashbots,concentration=1000,sell_x,10,999.900009999,99.99000099989999,-0.9999000100013866
flashbots-c1000,flashbots,concentration=1000,sell_x,25,2499.37515621,99.9750062484,-2.4993751599988734
univ2-zero-fee,univ2,fee=0,buy_x,0.01,0.000099999,100.0010000100001,-0.0999999999995449
univ2-zero-fee,univ2,fee=0,buy_x,0.1,0.00099999,100.0010000100001,-0.0999999999995449
univ2-zero-fee,univ2,fee=0,buy_x,1,0.009999,100.01000100010002,-1.000000000001
univ2-zero-fee,univ2,fee=0,buy_x,10,0.099900099,100.100000901901,-9.990099999999114
univ2-zero-fee,univ2,fee=0,buy_x,50,0.497512437,100.500000163815,-49.75126000000052
univ2-zero-fee,univ2,fee=0,buy_x,100,0.990099009,101.00000009191,-99.0099099999997
univ2-zero-fee,univ2,fee=0,buy_x,500,4.761904761,105.00000001995,-476.19047799999925
univ2-zero-fee,univ2,fee=0,buy_x,1000,9.09090909,110.000000011,-909.09091
univ2-zero-fee,univ2,fee=0,buy_x,2500,20,125,-1999.9999999999995
univ2-zero-fee,univ2,fee=0,sell_x,0.0001,0.00999999,99.9999,-0.010000000000287557
univ2-zero-fee,univ2,fee=0,sell_x,0.001,0.099999,99.99900000000001,-0.0999999999995449
univ2-zero-fee,univ2,fee=0,sell_x,0.01,0.999900009,99.9900009,-0.9999100000002148
univ2-zero-fee,univ2,fee=0,sell_x,0.1,9.99000999,99.9000999,-9.990009999999439
univ2-zero-fee,univ2,fee=0,sell_x,0.5,49.751243781,99.502487562,-49.75124380000029
univ2-zero-fee,univ2,fee=0,sell_x,1,99.00990099,99.00990099,-99.00990099999896
univ2-zero-fee,univ2,fee=0,sell_x,5,476.19047619,95.238095238,-476.1904762000002
univ2-zero-fee,univ2,fee=0,sell_x,10,909.09090909,90.909090909,-909.0909090999999
univ2-zero-fee,univ2,fee=0,sell_x,25,2000,80,-1999.9999999999995
univ3-full-range-zero-fee,univ3-full-range,"fee=0, range=full, marginalImpactFactor=1",buy_x,0.01,0.000099999,100.0010000100001,-0.0999999999995449
univ3-full-range-zero-fee,univ3-full-range,"fee=0, range=full, marginalImpactFactor=1",buy_x,0.1,0.00099999,100.0010000100001,-0.0999999999995449
univ3-full-range-zero-fee,univ3-full-range,"fee=0, range=full, marginalImpactFactor=1",buy_x,1,0.009999,100.01000100010002,-1.000000000001
univ3-full-range-zero-fee,univ3-full-range,"fee=0, range=full, marginalImpactFactor=1",buy_x,10,0.099900099,100.100000901901,-9.990099999999114
univ3-full-range-zero-fee,univ3-full-range,"fee=0, range=full, marginalImpactFactor=1",buy_x,50,0.497512437,100.500000163815,-49.75126000000052
univ3-full-range-zero-fee,univ3-full-range,"fee=0, range=full, marginalImpactFactor=1",buy_x,100,0.990099009,101.00000009191,-99.0099099999997
univ3-full-range-zero-fee,univ3-full-range,"fee=0, range=full, marginalImpactFactor=1",buy_x,500,4.761904761,105.00000001995,-476.19047799999925
univ3-full-range-zero-fee,univ3-full-range,"fee=0, range=full, marginalImpactFactor=1",buy_x,1000,9.09090909,110.000000011,-909.09091
univ3-full-range-zero-fee,univ3-full-range,"fee=0, range=full, marginalImpactFactor=1",buy_x,2500,19.999999999,125.00000000625,-2000.0000004000008
univ3-full-range-zero-fee,univ3-full-range,"fee=0, range=full, marginalImpactFactor=1",sell_x,0.0001,0.00999999,99.9999,-0.010000000000287557
univ3-full-range-zero-fee,univ3-full-range,"fee=0, range=full, marginalImpactFactor=1",sell_x,0.001,0.099999,99.99900000000001,-0.0999999999995449
univ3-full-range-zero-fee,univ3-full-range,"fee=0, range=full, marginalImpactFactor=1",sell_x,0.01,0.999900009,99.9900009,-0.9999100000002148
univ3-full-range-zero-fee,univ3-full-range,"fee=0, range=full, marginalImpactFactor=1",sell_x,0.1,9.99000999,99.9000999,-9.990009999999439
univ3-full-range-zero-fee,univ3-full-range,"fee=0, range=full, marginalImpactFactor=1",sell_x,0.5,49.751243781,99.502487562,-49.75124380000029
univ3-full-range-zero-fee,univ3-full-range,"fee=0, range=full, marginalImpactFactor=1",sell_x,1,99.00990099,99.00990099,-99.00990099999896
univ3-full-range-zero-fee,univ3-full-range,"fee=0, range=full, marginalImpactFactor=1",sell_x,5,476.19047619,95.238095238,-476.1904762000002
univ3-full-range-zero-fee,univ3-full-range,"fee=0, range=full, marginalImpactFactor=1",sell_x,10,909.09090909,90.909090909,-909.0909090999999
univ3-full-range-zero-fee,univ3-full-range,"fee=0, range=full, marginalImpactFactor=1",sell_x,25,1999.999999999,79.99999999996,-2000.0000000040009
univ3-conc-c2,univ3-concentrated,"fee=0, halfWidth=13864 ticks, marginalImpactFactor=1.999963",buy_x,0.01,0.000099999,100.0010000100001,-0.0999999999995449
univ3-conc-c2,univ3-concentrated,"fee=0, halfWidth=13864 ticks, marginalImpactFactor=1.999963",buy_x,0.1,0.000999994,100.00060000360004,-0.06000000000172534
univ3-conc-c2,univ3-concentrated,"fee=0, halfWidth=13864 ticks, marginalImpactFactor=1.999963",buy_x,1,0.0099995,100.0050002500125,-0.49999999999994493
univ3-conc-c2,univ3-concentrated,"fee=0, halfWidth=13864 ticks, marginalImpactFactor=1.999963",buy_x,10,0.099950024,100.050000988494,-4.997599999999602
univ3-conc-c2,univ3-concentrated,"fee=0, halfWidth=13864 ticks, marginalImpactFactor=1.999963",buy_x,50,0.498753094,100.25000466463271,-24.93811999999984
univ3-conc-c2,univ3-concentrated,"fee=0, halfWidth=13864 ticks, marginalImpactFactor=1.999963",buy_x,100,0.995024785,100.50000915303833,-49.75214999999977
univ3-conc-c2,univ3-concentrated,"fee=0, halfWidth=13864 ticks, marginalImpactFactor=1.999963",buy_x,500,4.878046619,102.50004541828262,-243.90676200000016
univ3-conc-c2,univ3-concentrated,"fee=0, halfWidth=13864 ticks, marginalImpactFactor=1.999963",buy_x,1000,9.523801287,105.00009081090354,-476.19871300000005
univ3-conc-c2,univ3-concentrated,"fee=0, halfWidth=13864 ticks, marginalImpactFactor=1.999963",buy_x,2500,22.222177378,112.50022702433313,-1111.1290487999993
univ3-conc-c2,univ3-concentrated,"fee=0, halfWidth=13864 ticks, marginalImpactFactor=1.999963",sell_x,0.0001,0.009999994,99.99994,-0.006000000000172534
univ3-conc-c2,univ3-concentrated,"fee=0, halfWidth=13864 ticks, marginalImpactFactor=1.999963",sell_x,0.001,0.099999499,99.999499,-0.05009999999971981
univ3-conc-c2,univ3-concentrated,"fee=0, halfWidth=13864 ticks, marginalImpactFactor=1.999963",sell_x,0.01,0.999950001,99.9950001,-0.49999000000022775
univ3-conc-c2,univ3-concentrated,"fee=0, halfWidth=13864 ticks, marginalImpactFactor=1.999963",sell_x,0.1,9.995002408,99.95002407999999,-4.997592000001161
univ3-conc-c2,univ3-concentrated,"fee=0, halfWidth=13864 ticks, marginalImpactFactor=1.999963",sell_x,0.5,49.875309461,99.750618922,-24.93810779999994
univ3-conc-c2,univ3-concentrated,"fee=0, halfWidth=13864 ticks, marginalImpactFactor=1.999963",sell_x,1,99.502478571,99.502478571,-49.752142900000294
univ3-conc-c2,univ3-concentrated,"fee=0, halfWidth=13864 ticks, marginalImpactFactor=1.999963",sell_x,5,487.804661968,97.5609323936,-243.90676064000027
univ3-conc-c2,univ3-concentrated,"fee=0, halfWidth=13864 ticks, marginalImpactFactor=1.999963",sell_x,10,952.380128726,95.2380128726,-476.19871274000025
univ3-conc-c2,univ3-concentrated,"fee=0, halfWidth=13864 ticks, marginalImpactFactor=1.999963",sell_x,25,2222.217737889,88.88870951556001,-1111.1290484439994
univ3-conc-c5,univ3-concentrated,"fee=0, halfWidth=4463 ticks, marginalImpactFactor=5.000094",buy_x,0.01,0.000099999,100.0010000100001,-0.0999999999995449
univ3-conc-c5,univ3-concentrated,"fee=0, halfWidth=4463 ticks, marginalImpactFactor=5.000094",buy_x,0.1,0.000999998,100.00020000040001,-0.020000000001685336
univ3-conc-c5,univ3-concentrated,"fee=0, halfWidth=4463 ticks, marginalImpactFactor=5.000094",buy_x,1,0.0099998,100.00200004000081,-0.20000000000131024
univ3-conc-c5,univ3-concentrated,"fee=0, halfWidth=4463 ticks, marginalImpactFactor=5.000094",buy_x,10,0.099980004,100.01999999919984,-1.9995999999999903
univ3-conc-c5,univ3-concentrated,"fee=0, halfWidth=4463 ticks, marginalImpactFactor=5.000094",buy_x,50,0.499500508,100.09999829669843,-9.989839999999806
univ3-conc-c5,univ3-concentrated,"fee=0, halfWidth=4463 ticks, marginalImpactFactor=5.000094",buy_x,100,0.998004029,100.19999628678855,-19.959710000000406
univ3-conc-c5,univ3-concentrated,"fee=0, halfWidth=4463 ticks, marginalImpactFactor=5.000094",buy_x,500,4.950495972,100.9999811792595,-99.00805599999951
univ3-conc-c5,univ3-concentrated,"fee=0, halfWidth=4463 ticks, marginalImpactFactor=5.000094",buy_x,1000,9.803925188,101.99996234406191,-196.0748120000011
univ3-conc-c5,univ3-concentrated,"fee=0, halfWidth=4463 ticks, marginalImpactFactor=5.000094",buy_x,2500,23.809545161,104.99990584007445,-476.18193560000077
univ3-conc-c5,univ3-concentrated,"fee=0, halfWidth=4463 ticks, marginalImpactFactor=5.000094",sell_x,0.0001,0.009999998,99.99998,-0.0020000000011677344
univ3-conc-c5,univ3-concentrated,"fee=0, halfWidth=4463 ticks, marginalImpactFactor=5.000094",sell_x,0.001,0.0999998,99.9998,-0.020000000000575113
univ3-conc-c5,univ3-concentrated,"fee=0, halfWidth=4463 ticks, marginalImpactFactor=5.000094",sell_x,0.01,0.99998,99.99799999999999,-0.20000000000131024
univ3-conc-c5,univ3-concentrated,"fee=0, halfWidth=4463 ticks, marginalImpactFactor=5.000094",sell_x,0.1,9.998000437,99.98000436999999,-1.9995630000013698
univ3-conc-c5,univ3-concentrated,"fee=0, halfWidth=4463 ticks, marginalImpactFactor=5.000094",sell_x,0.5,49.950050889,99.900101778,-9.989822199999443
univ3-conc-c5,univ3-concentrated,"fee=0, halfWidth=4463 ticks, marginalImpactFactor=5.000094",sell_x,1,99.800402953,99.800402953,-19.959704699999968
univ3-conc-c5,univ3-concentrated,"fee=0, halfWidth=4463 ticks, marginalImpactFactor=5.000094",sell_x,5,495.049597256,99.0099194512,-99.00805487999986
univ3-conc-c5,univ3-concentrated,"fee=0, halfWidth=4463 ticks, marginalImpactFactor=5.000094",sell_x,10,980.392518883,98.0392518883,-196.07481116999946
univ3-conc-c5,univ3-concentrated,"fee=0, halfWidth=4463 ticks, marginalImpactFactor=5.000094",sell_x,25,2380.954516138,95.23818064552,-476.18193544800016
univ3-conc-c10,univ3-concentrated,"fee=0, halfWidth=2107 ticks, marginalImpactFactor=10.001420",buy_x,0.01,0.000099999,100.0010000100001,-0.0999999999995449
univ3-conc-c10,univ3-concentrated,"fee=0, halfWidth=2107 ticks, marginalImpactFactor=10.001420",buy_x,0.1,0.000999999,100.00010000010002,-0.01000000000139778
univ3-conc-c10,univ3-concentrated,"fee=0, halfWidth=2107 ticks, marginalImpactFactor=10.001420",buy_x,1,0.0099999,100.0010000100001,-0.0999999999995449
univ3-conc-c10,univ3-concentrated,"fee=0, halfWidth=2107 ticks, marginalImpactFactor=10.001420",buy_x,10,0.099990002,100.0099989997,-0.9998000000011054
univ3-conc-c10,univ3-concentrated,"fee=0, halfWidth=2107 ticks, marginalImpactFactor=10.001420",buy_x,50,0.49975016,100.04999298049249,-4.9968000000000234
univ3-conc-c10,univ3-concentrated,"fee=0, halfWidth=2107 ticks, marginalImpactFactor=10.001420",buy_x,100,0.99900114,100.099985871888,-9.988600000000458
univ3-conc-c10,univ3-concentrated,"fee=0, halfWidth=2107 ticks, marginalImpactFactor=10.001420",buy_x,500,4.975127894,100.4999289773032,-49.74421200000023
univ3-conc-c10,univ3-concentrated,"fee=0, halfWidth=2107 ticks, marginalImpactFactor=10.001420",buy_x,1000,9.901004023,100.99985796157675,-98.99597700000041
univ3-conc-c10,univ3-concentrated,"fee=0, halfWidth=2107 ticks, marginalImpactFactor=10.001420",buy_x,2500,24.390328403,102.4996448876228,-243.86863879999999
univ3-conc-c10,univ3-concentrated,"fee=0, halfWidth=2107 ticks, marginalImpactFactor=10.001420",sell_x,0.0001,0.009999999,99.99999,-0.0010000000005838672
univ3-conc-c10,univ3-concentrated,"fee=0, halfWidth=2107 ticks, marginalImpactFactor=10.001420",sell_x,0.001,0.0999999,99.9999,-0.010000000000287557
univ3-conc-c10,univ3-concentrated,"fee=0, halfWidth=2107 ticks, marginalImpactFactor=10.001420",sell_x,0.01,0.999990001,99.9990001,-0.09998999999982772
univ3-conc-c10,univ3-concentrated,"fee=0, halfWidth=2107 ticks, marginalImpactFactor=10.001420",sell_x,0.1,9.999000242,99.99000241999998,-0.9997580000020712
univ3-conc-c10,univ3-concentrated,"fee=0, halfWidth=2107 ticks, marginalImpactFactor=10.001420",sell_x,0.5,49.975016041,99.950032082,-4.996791799999345
univ3-conc-c10,univ3-concentrated,"fee=0, halfWidth=2107 ticks, marginalImpactFactor=10.001420",sell_x,1,99.900114076,99.900114076,-9.98859240000094
univ3-conc-c10,univ3-concentrated,"fee=0, halfWidth=2107 ticks, marginalImpactFactor=10.001420",sell_x,5,497.512789402,99.5025578804,-49.74421196000001
univ3-conc-c10,univ3-concentrated,"fee=0, halfWidth=2107 ticks, marginalImpactFactor=10.001420",sell_x,10,990.100402378,99.0100402378,-98.99597621999989
univ3-conc-c10,univ3-concentrated,"fee=0, halfWidth=2107 ticks, marginalImpactFactor=10.001420",sell_x,25,2439.032840385,97.5613136154,-243.86863846000085
univ3-conc-c20,univ3-concentrated,"fee=0, halfWidth=1026 ticks, marginalImpactFactor=19.998426",buy_x,0.01,0.000099999,100.0010000100001,-0.0999999999995449
univ3-conc-c20,univ3-concentrated,"fee=0, halfWidth=1026 ticks, marginalImpactFactor=19.998426",buy_x,0.1,0.000999999,100.00010000010002,-0.01000000000139778
univ3-conc-c20,univ3-concentrated,"fee=0, halfWidth=1026 ticks, marginalImpactFactor=19.998426",buy_x,1,0.009999949,100.00051000260102,-0.05100000000091143
univ3-conc-c20,univ3-concentrated,"fee=0, halfWidth=1026 ticks, marginalImpactFactor=19.998426",buy_x,10,0.099994999,100.00500125011251,-0.5000999999993372
univ3-conc-c20,univ3-concentrated,"fee=0, halfWidth=1026 ticks, marginalImpactFactor=19.998426",buy_x,50,0.499875021,100.02500204946229,-2.499580000000501
univ3-conc-c20,univ3-concentrated,"fee=0, halfWidth=1026 ticks, marginalImpactFactor=19.998426",buy_x,100,0.99950021,100.0500039914949,-4.9979
univ3-conc-c20,univ3-concentrated,"fee=0, halfWidth=1026 ticks, marginalImpactFactor=19.998426",buy_x,500,4.987530193,100.25001967942974,-24.93961400000022
univ3-conc-c20,univ3-concentrated,"fee=0, halfWidth=1026 ticks, marginalImpactFactor=19.998426",buy_x,1000,9.950244861,100.50003934270015,-49.7551389999995
univ3-conc-c20,univ3-concentrated,"fee=0, halfWidth=1026 ticks, marginalImpactFactor=19.998426",buy_x,2500,24.691334042,101.25009834411927,-123.46638319999937
univ3-conc-c20,univ3-concentrated,"fee=0, halfWidth=1026 ticks, marginalImpactFactor=19.998426",sell_x,0.0001,0.009999999,99.99999,-0.0010000000005838672
univ3-conc-c20,univ3-concentrated,"fee=0, halfWidth=1026 ticks, marginalImpactFactor=19.998426",sell_x,0.001,0.099999949,99.999949,-0.005100000000091143
univ3-conc-c20,univ3-concentrated,"fee=0, halfWidth=1026 ticks, marginalImpactFactor=19.998426",sell_x,0.01,0.999994999,99.9994999,-0.05001000000004474
univ3-conc-c20,univ3-concentrated,"fee=0, halfWidth=1026 ticks, marginalImpactFactor=19.998426",sell_x,0.1,9.999499985,99.99499985,-0.5000150000000758
univ3-conc-c20,univ3-concentrated,"fee=0, halfWidth=1026 ticks, marginalImpactFactor=19.998426",sell_x,0.5,49.987502141,99.975004282,-2.4995717999998224
univ3-conc-c20,univ3-concentrated,"fee=0, halfWidth=1026 ticks, marginalImpactFactor=19.998426",sell_x,1,99.950021057,99.950021057,-4.997894299999528
univ3-conc-c20,univ3-concentrated,"fee=0, halfWidth=1026 ticks, marginalImpactFactor=19.998426",sell_x,5,498.753019353,99.7506038706,-24.939612939999243
univ3-conc-c20,univ3-concentrated,"fee=0, halfWidth=1026 ticks, marginalImpactFactor=19.998426",sell_x,10,995.024486152,99.5024486152,-49.755138480001015
univ3-conc-c20,univ3-concentrated,"fee=0, halfWidth=1026 ticks, marginalImpactFactor=19.998426",sell_x,25,2469.133404217,98.76533616868001,-123.46638313199931
univ3-conc-c50,univ3-concentrated,"fee=0, halfWidth=404 ticks, marginalImpactFactor=50.009108",buy_x,0.01,0.000099999,100.0010000100001,-0.0999999999995449
univ3-conc-c50,univ3-concentrated,"fee=0, halfWidth=404 ticks, marginalImpactFactor=50.009108",buy_x,0.1,0.000999999,100.00010000010002,-0.01000000000139778
univ3-conc-c50,univ3-concentrated,"fee=0, halfWidth=404 ticks, marginalImpactFactor=50.009108",buy_x,1,0.00999998,100.0002000004,-0.01999999999946489
univ3-conc-c50,univ3-concentrated,"fee=0, halfWidth=404 ticks, marginalImpactFactor=50.009108",buy_x,10,0.099998,100.0020000400008,-0.1999999999990898
univ3-conc-c50,univ3-concentrated,"fee=0, halfWidth=404 ticks, marginalImpactFactor=50.009108",buy_x,50,0.499950014,100.00999819954001,-0.9997200000000372
univ3-conc-c50,univ3-concentrated,"fee=0, halfWidth=404 ticks, marginalImpactFactor=50.009108",buy_x,100,0.999800076,100.01999639775983,-1.9992400000001798
univ3-conc-c50,univ3-concentrated,"fee=0, halfWidth=404 ticks, marginalImpactFactor=50.009108",buy_x,500,4.995005903,100.09998180376525,-9.988194000000172
univ3-conc-c50,univ3-concentrated,"fee=0, halfWidth=404 ticks, marginalImpactFactor=50.009108",buy_x,1000,9.980043548,100.19996357635132,-19.956452000000624
univ3-conc-c50,univ3-concentrated,"fee=0, halfWidth=404 ticks, marginalImpactFactor=50.009108",buy_x,2500,24.875644432,100.49990893035933,-49.74222720000032
univ3-conc-c50,univ3-concentrated,"fee=0, halfWidth=404 ticks, marginalImpactFactor=50.009108",sell_x,0.0001,0.009999999,99.99999,-0.0010000000005838672
univ3-conc-c50,univ3-concentrated,"fee=0, halfWidth=404 ticks, marginalImpactFactor=50.009108",sell_x,0.001,0.09999998,99.99998,-0.0020000000011677344
univ3-conc-c50,univ3-concentrated,"fee=0, halfWidth=404 ticks, marginalImpactFactor=50.009108",sell_x,0.01,0.999998,99.99980000000001,-0.01999999999946489
univ3-conc-c50,univ3-concentrated,"fee=0, halfWidth=404 ticks, marginalImpactFactor=50.009108",sell_x,0.1,9.99980004,99.9980004,-0.19996000000022107
univ3-conc-c50,univ3-concentrated,"fee=0, halfWidth=404 ticks, marginalImpactFactor=50.009108",sell_x,0.5,49.99500141,99.99000282,-0.9997179999998718
univ3-conc-c50,univ3-concentrated,"fee=0, halfWidth=404 ticks, marginalImpactFactor=50.009108",sell_x,1,99.98000764,99.98000764,-1.9992359999998488
univ3-conc-c50,univ3-concentrated,"fee=0, halfWidth=404 ticks, marginalImpactFactor=50.009108",sell_x,5,499.500590391,99.9001180782,-9.988192180000466
univ3-conc-c50,univ3-concentrated,"fee=0, halfWidth=404 ticks, marginalImpactFactor=50.009108",sell_x,10,998.004354854,99.8004354854,-19.95645146000036
univ3-conc-c50,univ3-concentrated,"fee=0, halfWidth=404 ticks, marginalImpactFactor=50.009108",sell_x,25,2487.564443278,99.50257773112,-49.7422268879999
univ3-conc-c100,univ3-concentrated,"fee=0, halfWidth=201 ticks, marginalImpactFactor=100.008300",buy_x,0.01,0.000099999,100.0010000100001,-0.0999999999995449
univ3-conc-c100,univ3-concentrated,"fee=0, halfWidth=201 ticks, marginalImpactFactor=100.008300",buy_x,0.1,0.000999999,100.00010000010002,-0.01000000000139778
univ3-conc-c100,univ3-concentrated,"fee=0, halfWidth=201 ticks, marginalImpactFactor=100.008300",buy_x,1,0.00999999,100.00010000009999,-0.009999999999177334
univ3-conc-c100,univ3-concentrated,"fee=0, halfWidth=201 ticks, marginalImpactFactor=100.008300",buy_x,10,0.099999,100.0010000100001,-0.0999999999995449
univ3-conc-c100,univ3-concentrated,"fee=0, halfWidth=201 ticks, marginalImpactFactor=100.008300",buy_x,50,0.499975003,100.00499964995251,-0.4999400000005316
univ3-conc-c100,univ3-concentrated,"fee=0, halfWidth=201 ticks, marginalImpactFactor=100.008300",buy_x,100,0.999900018,100.00999919974,-0.9998200000005397
univ3-conc-c100,univ3-concentrated,"fee=0, halfWidth=201 ticks, marginalImpactFactor=100.008300",buy_x,500,4.997501456,100.04999586337289,-4.997087999999428
univ3-conc-c100,univ3-concentrated,"fee=0, halfWidth=201 ticks, marginalImpactFactor=100.008300",buy_x,1000,9.990010818,100.09999170353251,-9.989181999999763
univ3-conc-c100,univ3-concentrated,"fee=0, halfWidth=201 ticks, marginalImpactFactor=100.008300",buy_x,2500,24.937661021,100.24997925405877,-24.93559160000047
univ3-conc-c100,univ3-concentrated,"fee=0, halfWidth=201 ticks, marginalImpactFactor=100.008300",sell_x,0.0001,0.009999999,99.99999,-0.0010000000005838672
univ3-conc-c100,univ3-concentrated,"fee=0, halfWidth=201 ticks, marginalImpactFactor=100.008300",sell_x,0.001,0.09999999,99.99999,-0.0010000000005838672
univ3-conc-c100,univ3-concentrated,"fee=0, halfWidth=201 ticks, marginalImpactFactor=100.008300",sell_x,0.01,0.999999,99.9999,-0.010000000000287557
univ3-conc-c100,univ3-concentrated,"fee=0, halfWidth=201 ticks, marginalImpactFactor=100.008300",sell_x,0.1,9.999900009,99.99900008999998,-0.0999910000021309
univ3-conc-c100,univ3-concentrated,"fee=0, halfWidth=201 ticks, marginalImpactFactor=100.008300",sell_x,0.5,49.997500332,99.995000664,-0.4999336000000021
univ3-conc-c100,univ3-concentrated,"fee=0, halfWidth=201 ticks, marginalImpactFactor=100.008300",sell_x,1,99.990001829,99.990001829,-0.9998171000002998
univ3-conc-c100,univ3-concentrated,"fee=0, halfWidth=201 ticks, marginalImpactFactor=100.008300",sell_x,5,499.750145665,99.950029133,-4.99708670000043
univ3-conc-c100,univ3-concentrated,"fee=0, halfWidth=201 ticks, marginalImpactFactor=100.008300",sell_x,10,999.001081828,99.9001081828,-9.989181720000406
univ3-conc-c100,univ3-concentrated,"fee=0, halfWidth=201 ticks, marginalImpactFactor=100.008300",sell_x,25,2493.766102161,99.75064408644,-24.935591355998987
univ3-conc-c1000,univ3-concentrated,"fee=0, halfWidth=20 ticks, marginalImpactFactor=1000.550082",buy_x,0.01,0.000099999,100.0010000100001,-0.0999999999995449
univ3-conc-c1000,univ3-concentrated,"fee=0, halfWidth=20 ticks, marginalImpactFactor=1000.550082",buy_x,0.1,0.000999999,100.00010000010002,-0.01000000000139778
univ3-conc-c1000,univ3-concentrated,"fee=0, halfWidth=20 ticks, marginalImpactFactor=1000.550082",buy_x,1,0.009999999,100.000010000001,-0.0009999999994736442
univ3-conc-c1000,univ3-concentrated,"fee=0, halfWidth=20 ticks, marginalImpactFactor=1000.550082",buy_x,10,0.0999999,100.00010000009999,-0.009999999999177334
univ3-conc-c1000,univ3-concentrated,"fee=0, halfWidth=20 ticks, marginalImpactFactor=1000.550082",buy_x,50,0.499997501,100.00049980249801,-0.049979999999782976
univ3-conc-c1000,univ3-concentrated,"fee=0, halfWidth=20 ticks, marginalImpactFactor=1000.550082",buy_x,100,0.999990005,100.0009995099901,-0.09994999999873855
univ3-conc-c1000,univ3-concentrated,"fee=0, halfWidth=20 ticks, marginalImpactFactor=1000.550082",buy_x,500,4.999750149,100.00499726971458,-0.49970200000082343
univ3-conc-c1000,univ3-concentrated,"fee=0, halfWidth=20 ticks, marginalImpactFactor=1000.550082",buy_x,1000,9.999000649,100.00999450880225,-0.9993510000017025
univ3-conc-c1000,univ3-concentrated,"fee=0, halfWidth=20 ticks, marginalImpactFactor=1000.550082",buy_x,2500,24.993754996,100.02498625757114,-2.4980016000009098
univ3-conc-c1000,univ3-concentrated,"fee=0, halfWidth=20 ticks, marginalImpactFactor=1000.550082",sell_x,0.0001,0.009999999,99.99999,-0.0010000000005838672
univ3-conc-c1000,univ3-concentrated,"fee=0, halfWidth=20 ticks, marginalImpactFactor=1000.550082",sell_x,0.001,0.099999999,99.999999,-0.0000999999993922529
univ3-conc-c1000,univ3-concentrated,"fee=0, halfWidth=20 ticks, marginalImpactFactor=1000.550082",sell_x,0.01,0.9999999,99.99999,-0.0010000000005838672
univ3-conc-c1000,univ3-concentrated,"fee=0, halfWidth=20 ticks, marginalImpactFactor=1000.550082",sell_x,0.1,9.999990005,99.99990005000001,-0.009994999998763632
univ3-conc-c1000,univ3-concentrated,"fee=0, halfWidth=20 ticks, marginalImpactFactor=1000.550082",sell_x,0.5,49.999750138,99.999500276,-0.04997239999915415
univ3-conc-c1000,univ3-concentrated,"fee=0, halfWidth=20 ticks, marginalImpactFactor=1000.550082",sell_x,1,99.999000559,99.999000559,-0.09994410000047083
univ3-conc-c1000,univ3-concentrated,"fee=0, halfWidth=20 ticks, marginalImpactFactor=1000.550082",sell_x,5,499.975014993,99.9950029986,-0.49970013999978136
univ3-conc-c1000,univ3-concentrated,"fee=0, halfWidth=20 ticks, marginalImpactFactor=1000.550082",sell_x,10,999.900064966,99.99000649659999,-0.9993503400007597
univ3-conc-c1000,univ3-concentrated,"fee=0, halfWidth=20 ticks, marginalImpactFactor=1000.550082",sell_x,25,2499.375499651,99.97501998604001,-2.498001395998539
